{
    "display": {
        "icon": {
            "item": "minecraft:player_head",
			"nbt": "{SkullOwner:{Id:[I;123322946,615727261,-1271409144,1615825399],Properties:{textures:[{Value:\"eyJ0ZXh0dXJlcyI6eyJTS0lOIjp7InVybCI6Imh0dHA6Ly90ZXh0dXJlcy5taW5lY3JhZnQubmV0L3RleHR1cmUvMWIwOWEzNzUyNTEwZTkxNGIwYmRjOTA5NmIzOTJiYjM1OWY3YThlOGE5NTY2YTAyZTdmNjZmYWZmOGQ2Zjg5ZSJ9fX0=\"}]}}}"
        },
        "title": {"translate":"The Actual End"},
        "description": {"translate":"Get killed by an Enderman in The End"},
		"hidden": "true"
    },
    "parent": "minecraft:end/kill_dragon",
    "rewards": {
        "function": "bc_rewards:end/the_actual_end"
    },		
    "criteria": {
        "enderman": {
            "trigger": "minecraft:entity_killed_player",
            "conditions": {
                "entity": {
                    "type": "enderman",
					"location": {
						"dimension": "the_end"
					}
                }
            }
        }
    }
}