{
  "parent": "minecraft:chest_loot/igloo",
  "display": {
    "icon": {
      "item": "minecraft:black_banner",
			"nbt": "{display:{Name:\"{\\\"text\\\":\\\"Cloudy Night\\\"}\", Lore:[\"By Tetrajak\"]}, BlockEntityTag:{Patterns:[{Pattern:mc,Color:0},{Pattern:bri,Color:0},{Pattern:bri,Color:7},{Pattern:cbo,Color:15},{Pattern:ts,Color:15},{Pattern:bs,Color:15}]}}"
    },
    "title": {
      "text": "Gloudy Night by Tetrajak"
    },
    "description": {
      "text": "1 of 1 Banner"
    },
    "frame": "task",
    "show_toast": true,
    "announce_to_chat": false,
    "hidden": true
  },
  "criteria": {
    "mineshaft": {
      "trigger": "minecraft:inventory_changed",
      "conditions": {
				"items": [
					{
						"item": "minecraft:black_banner",
						"nbt": "{display:{Name:\"{\\\"text\\\":\\\"Cloudy Night\\\"}\", Lore:[\"By Tetrajak\"]}, BlockEntityTag:{Patterns:[{Pattern:mc,Color:0},{Pattern:bri,Color:0},{Pattern:bri,Color:7},{Pattern:cbo,Color:15},{Pattern:ts,Color:15},{Pattern:bs,Color:15}]}}"
					}
				]
			}
    }
  }
}