{
  "parent": "minecraft:chest_loot/igloo",
  "display": {
    "icon": {
      "item": "minecraft:player_head",
			"nbt": "{display:{Name:\"{\\\"text\\\":\\\"Frosty the Snowman Books\\\"}\"},SkullOwner:{Id:[I;1890788736,1089358991,-1959207801,-1465822704],Properties:{textures:[{Value:\"eyJ0ZXh0dXJlcyI6eyJTS0lOIjp7InVybCI6Imh0dHA6Ly90ZXh0dXJlcy5taW5lY3JhZnQubmV0L3RleHR1cmUvOTM3NDFkODM2MGFmYjg3MDZkYmU4YzI4NjAxZjY4ODk4YjkyMTQ2MDMwOWQ4YjU1MGI1MDNmY2MxMjdhZWUxMiJ9fX0=\"}]}}}"
    },
    "title": {
      "text": "Frosty the Snowman Books"
    },
    "description": {
      "text": "1 of 1 Player Head"
    },
    "frame": "task",
    "show_toast": true,
    "announce_to_chat": false,
    "hidden": true
  },
  "criteria": {
    "mineshaft": {
      "trigger": "minecraft:inventory_changed",
      "conditions": {
				"items": [
					{
						"item": "minecraft:player_head",
						"nbt": "{display:{Name:\"{\\\"text\\\":\\\"Frosty the Snowman Books\\\"}\"},SkullOwner:{Id:[I;1890788736,1089358991,-1959207801,-1465822704],Properties:{textures:[{Value:\"eyJ0ZXh0dXJlcyI6eyJTS0lOIjp7InVybCI6Imh0dHA6Ly90ZXh0dXJlcy5taW5lY3JhZnQubmV0L3RleHR1cmUvOTM3NDFkODM2MGFmYjg3MDZkYmU4YzI4NjAxZjY4ODk4YjkyMTQ2MDMwOWQ4YjU1MGI1MDNmY2MxMjdhZWUxMiJ9fX0=\"}]}}}"
					}
				]
			}
    }
  }
}