{
  "parent": "minecraft:chest_loot/mineshaft",
  "display": {
    "icon": {
      "item": "minecraft:player_head",
			"nbt": "{display:{Name:\"{\\\"text\\\":\\\"Rough Emerald\\\"}\"},SkullOwner:{Id:[I;-2076843989,-590066462,-1715884237,465001183],Properties:{textures:[{Value:\"eyJ0ZXh0dXJlcyI6eyJTS0lOIjp7InVybCI6Imh0dHA6Ly90ZXh0dXJlcy5taW5lY3JhZnQubmV0L3RleHR1cmUvODkyNmMxZjJjM2MxNGQwODZjNDBjZmMyMzVmZTkzODY5NGY0YTUxMDY3YWRhNDcyNmI0ODZlYTFjODdiMDNlMiJ9fX0=\"}]}}}"
    },
    "title": {
      "text": "Rough Emerald"
    },
    "description": {
      "text": "3 of 6 players heads"
    },
    "frame": "task",
    "show_toast": true,
    "announce_to_chat": false,
    "hidden": true
  },
  "criteria": {
    "mineshaft": {
      "trigger": "minecraft:inventory_changed",
      "conditions": {
				"items": [
					{
						"item": "minecraft:player_head",
						"nbt": "{display:{Name:\"{\\\"text\\\":\\\"Rough Emerald\\\"}\"},SkullOwner:{Id:[I;-2076843989,-590066462,-1715884237,465001183],Properties:{textures:[{Value:\"eyJ0ZXh0dXJlcyI6eyJTS0lOIjp7InVybCI6Imh0dHA6Ly90ZXh0dXJlcy5taW5lY3JhZnQubmV0L3RleHR1cmUvODkyNmMxZjJjM2MxNGQwODZjNDBjZmMyMzVmZTkzODY5NGY0YTUxMDY3YWRhNDcyNmI0ODZlYTFjODdiMDNlMiJ9fX0=\"}]}}}"
					}
				]
			}
    }
  }
}