{
  "parent": "minecraft:chest_loot/mineshaft",
  "display": {
    "icon": {
      "item": "minecraft:player_head",
			"nbt": "{display:{Name:\"{\\\"text\\\":\\\"Rough Diamond\\\"}\"},SkullOwner:{Id:[I;1779249861,-1945615709,-1110092384,68104524],Properties:{textures:[{Value:\"eyJ0ZXh0dXJlcyI6eyJTS0lOIjp7InVybCI6Imh0dHA6Ly90ZXh0dXJlcy5taW5lY3JhZnQubmV0L3RleHR1cmUvOTY0ZjI1Y2ZmZjc1NGYyODdhOTgzOGQ4ZWZlMDM5OTgwNzNjMjJkZjdhOWQzMDI1YzQyNWUzZWQ3ZmY1MmMyMCJ9fX0=\"}]}}}"
    },
    "title": {
      "text": "Rough Diamond"
    },
    "description": {
      "text": "2 of 6 players heads"
    },
    "frame": "task",
    "show_toast": true,
    "announce_to_chat": false,
    "hidden": true
  },
  "criteria": {
    "mineshaft": {
      "trigger": "minecraft:inventory_changed",
      "conditions": {
				"items": [
					{
						"item": "minecraft:player_head",
						"nbt": "{display:{Name:\"{\\\"text\\\":\\\"Rough Diamond\\\"}\"},SkullOwner:{Id:[I;1779249861,-1945615709,-1110092384,68104524],Properties:{textures:[{Value:\"eyJ0ZXh0dXJlcyI6eyJTS0lOIjp7InVybCI6Imh0dHA6Ly90ZXh0dXJlcy5taW5lY3JhZnQubmV0L3RleHR1cmUvOTY0ZjI1Y2ZmZjc1NGYyODdhOTgzOGQ4ZWZlMDM5OTgwNzNjMjJkZjdhOWQzMDI1YzQyNWUzZWQ3ZmY1MmMyMCJ9fX0=\"}]}}}"
					}
				]
			}
    }
  }
}