{
  "parent": "minecraft:chest_loot/mineshaft",
  "display": {
    "icon": {
      "item": "minecraft:player_head",
			"nbt": "{display:{Name:\"{\\\"text\\\":\\\"Toy Chest Minecart\\\"}\"},SkullOwner:{Id:[I;1373111505,-737195413,-1474065515,-546922834],Properties:{textures:[{Value:\"eyJ0ZXh0dXJlcyI6eyJTS0lOIjp7InVybCI6Imh0dHA6Ly90ZXh0dXJlcy5taW5lY3JhZnQubmV0L3RleHR1cmUvOWQ1OGQzODYwZDIyMjEyYjkxNTUwMTFhMGU2OWI1YTkzNjJhMTk1MzJjNmUxMzk5OGI4MTI5M2IxMjJlOWRiYyJ9fX0=\"}]}}}"
    },
    "title": {
      "text": "Toy Chest Minecart"
    },
    "description": {
      "text": "5 of 6 players heads"
    },
    "frame": "task",
    "show_toast": true,
    "announce_to_chat": false,
    "hidden": true
  },
  "criteria": {
    "mineshaft": {
      "trigger": "minecraft:inventory_changed",
      "conditions": {
				"items": [
					{
						"item": "minecraft:player_head",
						"nbt": "{display:{Name:\"{\\\"text\\\":\\\"Toy Chest Minecart\\\"}\"},SkullOwner:{Id:[I;1373111505,-737195413,-1474065515,-546922834],Properties:{textures:[{Value:\"eyJ0ZXh0dXJlcyI6eyJTS0lOIjp7InVybCI6Imh0dHA6Ly90ZXh0dXJlcy5taW5lY3JhZnQubmV0L3RleHR1cmUvOWQ1OGQzODYwZDIyMjEyYjkxNTUwMTFhMGU2OWI1YTkzNjJhMTk1MzJjNmUxMzk5OGI4MTI5M2IxMjJlOWRiYyJ9fX0=\"}]}}}"
					}
				]
			}
    }
  }
}