{
  "parent": "minecraft:chest_loot/mineshaft",
  "display": {
    "icon": {
      "item": "minecraft:player_head",
			"nbt": "{display:{Name:\"{\\\"text\\\":\\\"Toy TNT Minecart\\\"}\"},SkullOwner:{Id:[I;-1751060147,-1939324848,-1223663423,403887968],Properties:{textures:[{Value:\"eyJ0ZXh0dXJlcyI6eyJTS0lOIjp7InVybCI6Imh0dHA6Ly90ZXh0dXJlcy5taW5lY3JhZnQubmV0L3RleHR1cmUvYzRkN2ZjOGUzYTk1OWFkZTdkOWNmNjYzZjFlODJkYjc5NzU1NDNlMjg4YWI4ZDExZWIyNTQxODg4MjEzNTI2In19fQ==\"}]}}}"
    },
    "title": {
      "text": "Toy TNT Minecart"
    },
    "description": {
      "text": "6 of 6 players heads"
    },
    "frame": "task",
    "show_toast": true,
    "announce_to_chat": false,
    "hidden": true
  },
  "criteria": {
    "mineshaft": {
      "trigger": "minecraft:inventory_changed",
      "conditions": {
				"items": [
					{
						"item": "minecraft:player_head",
						"nbt": "{display:{Name:\"{\\\"text\\\":\\\"Toy TNT Minecart\\\"}\"},SkullOwner:{Id:[I;-1751060147,-1939324848,-1223663423,403887968],Properties:{textures:[{Value:\"eyJ0ZXh0dXJlcyI6eyJTS0lOIjp7InVybCI6Imh0dHA6Ly90ZXh0dXJlcy5taW5lY3JhZnQubmV0L3RleHR1cmUvYzRkN2ZjOGUzYTk1OWFkZTdkOWNmNjYzZjFlODJkYjc5NzU1NDNlMjg4YWI4ZDExZWIyNTQxODg4MjEzNTI2In19fQ==\"}]}}}"
					}
				]
			}
    }
  }
}