{
  "parent": "minecraft:chest_loot/mineshaft",
  "display": {
    "icon": {
      "item": "minecraft:player_head",
			"nbt": "{display:{Name:\"{\\\"text\\\":\\\"Rough Lapis Lazuli\\\"}\"},SkullOwner:{Id:[I;1313416803,1145390925,-1328945319,213131654],Properties:{textures:[{Value:\"eyJ0ZXh0dXJlcyI6eyJTS0lOIjp7InVybCI6Imh0dHA6Ly90ZXh0dXJlcy5taW5lY3JhZnQubmV0L3RleHR1cmUvODZmNDc2ODcxZWQyM2Y3OWU3YjlkNDk1NDg5ODg3ZTI0NGM2MTljNWUxOWU0MWNmOTViMjcxYTJlYmU3NSJ9fX0=\"}]}}}"
    },
    "title": {
      "text": "Rough Lapis Lazuli"
    },
    "description": {
      "text": "4 of 6 players heads"
    },
    "frame": "task",
    "show_toast": true,
    "announce_to_chat": false,
    "hidden": true
  },
  "criteria": {
    "mineshaft": {
      "trigger": "minecraft:inventory_changed",
      "conditions": {
				"items": [
					{
						"item": "minecraft:player_head",
						"nbt": "{display:{Name:\"{\\\"text\\\":\\\"Rough Lapis Lazuli\\\"}\"},SkullOwner:{Id:[I;1313416803,1145390925,-1328945319,213131654],Properties:{textures:[{Value:\"eyJ0ZXh0dXJlcyI6eyJTS0lOIjp7InVybCI6Imh0dHA6Ly90ZXh0dXJlcy5taW5lY3JhZnQubmV0L3RleHR1cmUvODZmNDc2ODcxZWQyM2Y3OWU3YjlkNDk1NDg5ODg3ZTI0NGM2MTljNWUxOWU0MWNmOTViMjcxYTJlYmU3NSJ9fX0=\"}]}}}"
					}
				]
			}
    }
  }
}