{
  "parent": "minecraft:chest_loot/mineshaft",
  "display": {
    "icon": {
      "item": "minecraft:player_head",
			"nbt": "{display:{Name:\"{\\\"text\\\": \\\"Bundle of Burnt Torches\\\"}\"},SkullOwner:{Id:[I;1446868408,2034814043,-1350137834,-1575204557],Properties:{textures:[{Value:\"eyJ0ZXh0dXJlcyI6eyJTS0lOIjp7InVybCI6Imh0dHA6Ly90ZXh0dXJlcy5taW5lY3JhZnQubmV0L3RleHR1cmUvODY3OTNiYWM0YTFmOTc0MTQyZWY4OTE2NjQyNzEwOTQ5ZDdlMzhmODdhZWJkMzgwNzQyY2NjMzc0ZjFkZTEifX19\"}]}}}"
    },
    "title": {
      "text": "Bundle of Burnt Torches"
    },
    "description": {
      "text": "1 of 6 players heads"
    },
    "frame": "task",
    "show_toast": true,
    "announce_to_chat": false,
    "hidden": true
  },
  "criteria": {
    "mineshaft": {
      "trigger": "minecraft:inventory_changed",
      "conditions": {
				"items": [
					{
						"item": "minecraft:player_head",
						"nbt": "{display:{Name:\"{\\\"text\\\": \\\"Bundle of Burnt Torches\\\"}\"},SkullOwner:{Id:[I;1446868408,2034814043,-1350137834,-1575204557],Properties:{textures:[{Value:\"eyJ0ZXh0dXJlcyI6eyJTS0lOIjp7InVybCI6Imh0dHA6Ly90ZXh0dXJlcy5taW5lY3JhZnQubmV0L3RleHR1cmUvODY3OTNiYWM0YTFmOTc0MTQyZWY4OTE2NjQyNzEwOTQ5ZDdlMzhmODdhZWJkMzgwNzQyY2NjMzc0ZjFkZTEifX19\"}]}}}"
					}
				]
			}
    }
  }
}