{
  "parent": "minecraft:chest_loot/mineshaft",
  "display": {
    "icon": {
      "item": "minecraft:iron_pickaxe",
			"nbt": "{display:{Name:\"{\\\"text\\\":\\\"Lucky Pick\\\"}\"}, RepairCost:99, Enchantments:[{id:\"fortune\", lvl:7s}]}"
    },
    "title": {
      "text": "Lucky Pick"
    },
    "description": {
      "text": "1 of 1 Unique Item"
    },
    "frame": "task",
    "show_toast": true,
    "announce_to_chat": false,
    "hidden": true
  },
  "criteria": {
    "mineshaft": {
      "trigger": "minecraft:inventory_changed",
      "conditions": {
				"items": [
					{
						"item": "minecraft:iron_pickaxe",
						"nbt": "{display:{Name:\"{\\\"text\\\":\\\"Lucky Pick\\\"}\"}, RepairCost:99, Enchantments:[{id:\"fortune\", lvl:7s}]}"
					}
				]
			}
    }
  }
}