{
  "parent": "minecraft:chest_loot/bastion",
  "display": {
    "icon": {
      "item": "minecraft:pink_banner",
			"nbt": "{display:{Name:\"{\\\"text\\\":\\\"Piglin\\\"}\", Lore:[\"By Tetrajak\"]}, BlockEntityTag:{Patterns:[{Pattern:cre,Color:0},{Pattern:bo,Color:6},{Pattern:ms,Color:6},{Pattern:bs,Color:12},{Pattern:mr,Color:6},{Pattern:pig,Color:14}]}}"
    },
    "title": {
      "text": "Piglin Banner by Tetrajak"
    },
    "description": {
      "text": "1 of 2 Banners"
    },
    "frame": "task",
    "show_toast": true,
    "announce_to_chat": false,
    "hidden": true
  },
  "criteria": {
    "mineshaft": {
      "trigger": "minecraft:inventory_changed",
      "conditions": {
				"items": [
					{
						"item": "minecraft:pink_banner",
						"nbt": "{display:{Name:\"{\\\"text\\\":\\\"Piglin\\\"}\", Lore:[\"By Tetrajak\"]}, BlockEntityTag:{Patterns:[{Pattern:cre,Color:0},{Pattern:bo,Color:6},{Pattern:ms,Color:6},{Pattern:bs,Color:12},{Pattern:mr,Color:6},{Pattern:pig,Color:14}]}}"
					}
				]
			}
    }
  }
}