{
  "parent": "minecraft:chest_loot/bastion",
  "display": {
    "icon": {
      "item": "minecraft:yellow_banner",
			"nbt": "{display:{Name:\"{\\\"text\\\":\\\"Gilded Blackstone\\\"}\", Lore:[\"By Tetrajak\"]}, BlockEntityTag:{Patterns:[{Pattern:glb,Color:0},{Pattern:flo,Color:15},{Pattern:bri,Color:15},{Pattern:bs,Color:8},{Pattern:ts,Color:8},{Pattern:bo,Color:8}]}}"
    },
    "title": {
      "text": "Gilded Blackstone Banner by Tetrajak"
    },
    "description": {
      "text": "2 of 2 Banners"
    },
    "frame": "task",
    "show_toast": true,
    "announce_to_chat": false,
    "hidden": true
  },
  "criteria": {
    "mineshaft": {
      "trigger": "minecraft:inventory_changed",
      "conditions": {
				"items": [
					{
						"item": "minecraft:yellow_banner",
						"nbt": "{display:{Name:\"{\\\"text\\\":\\\"Gilded Blackstone\\\"}\", Lore:[\"By Tetrajak\"]}, BlockEntityTag:{Patterns:[{Pattern:glb,Color:0},{Pattern:flo,Color:15},{Pattern:bri,Color:15},{Pattern:bs,Color:8},{Pattern:ts,Color:8},{Pattern:bo,Color:8}]}}"
					}
				]
			}
    }
  }
}