{
  "parent": "minecraft:chest_loot/bastion",
  "display": {
    "icon": {
      "item": "minecraft:player_head",
			"nbt": "{display:{Name:\"{\\\"text\\\":\\\"Crimson Fungus\\\"}\"},SkullOwner:{Id:[I;1066769412,-1463267488,-1687174407,1687170222],Properties:{textures:[{Value:\"eyJ0ZXh0dXJlcyI6eyJTS0lOIjp7InVybCI6Imh0dHA6Ly90ZXh0dXJlcy5taW5lY3JhZnQubmV0L3RleHR1cmUvYWIyMDY0MzkwZTc5ZDllNTRjY2I0MThiMDczMzE1M2NmOTkyM2ZjNGE4ZDE0YWIxZDJiN2VmNTk2ODgzMWM5MyJ9fX0=\"}]}}}"
    },
    "title": {
      "text": "Crimson Fungus"
    },
    "description": {
      "text": "2 of 7 Player Heads"
    },
    "frame": "task",
    "show_toast": true,
    "announce_to_chat": false,
    "hidden": true
  },
  "criteria": {
    "mineshaft": {
      "trigger": "minecraft:inventory_changed",
      "conditions": {
				"items": [
					{
						"item": "minecraft:player_head",
						"nbt": "{display:{Name:\"{\\\"text\\\":\\\"Crimson Fungus\\\"}\"},SkullOwner:{Id:[I;1066769412,-1463267488,-1687174407,1687170222],Properties:{textures:[{Value:\"eyJ0ZXh0dXJlcyI6eyJTS0lOIjp7InVybCI6Imh0dHA6Ly90ZXh0dXJlcy5taW5lY3JhZnQubmV0L3RleHR1cmUvYWIyMDY0MzkwZTc5ZDllNTRjY2I0MThiMDczMzE1M2NmOTkyM2ZjNGE4ZDE0YWIxZDJiN2VmNTk2ODgzMWM5MyJ9fX0=\"}]}}}"
					}
				]
			}
    }
  }
}