{
  "parent": "minecraft:chest_loot/bastion",
  "display": {
    "icon": {
      "item": "minecraft:player_head",
			"nbt": "{display:{Name:\"{\\\"text\\\":\\\"Strider Plushie\\\"}\"},SkullOwner:{Id:[I;1967474038,-647804820,-1098942628,-1497348776],Properties:{textures:[{Value:\"eyJ0ZXh0dXJlcyI6eyJTS0lOIjp7InVybCI6Imh0dHA6Ly90ZXh0dXJlcy5taW5lY3JhZnQubmV0L3RleHR1cmUvZTE5MDNlNGQ5ZWM1NjE3MTFhZDllMTcxYWY2Yjc5ZmZiNjllMjk1ZGNkOWJmMjMwNjhjOWFiYjdlMjE5NDkwZCJ9fX0=\"}]}}}"
    },
    "title": {
      "text": "Strider Plushie"
    },
    "description": {
      "text": "3 of 7 Player Heads"
    },
    "frame": "task",
    "show_toast": true,
    "announce_to_chat": false,
    "hidden": true
  },
  "criteria": {
    "mineshaft": {
      "trigger": "minecraft:inventory_changed",
      "conditions": {
				"items": [
					{
						"item": "minecraft:player_head",
						"nbt": "{display:{Name:\"{\\\"text\\\":\\\"Strider Plushie\\\"}\"},SkullOwner:{Id:[I;1967474038,-647804820,-1098942628,-1497348776],Properties:{textures:[{Value:\"eyJ0ZXh0dXJlcyI6eyJTS0lOIjp7InVybCI6Imh0dHA6Ly90ZXh0dXJlcy5taW5lY3JhZnQubmV0L3RleHR1cmUvZTE5MDNlNGQ5ZWM1NjE3MTFhZDllMTcxYWY2Yjc5ZmZiNjllMjk1ZGNkOWJmMjMwNjhjOWFiYjdlMjE5NDkwZCJ9fX0=\"}]}}}"
					}
				]
			}
    }
  }
}