{
  "parent": "minecraft:chest_loot/buried_treasure",
  "display": {
    "icon": {
      "item": "minecraft:player_head",
			"nbt": "{display:{Name:\"{\\\"text\\\":\\\"Bag of Gold\\\"}\"},SkullOwner:{Id:[I;1924657862,-1239725711,-1866312190,2025265060],Properties:{textures:[{Value:\"eyJ0ZXh0dXJlcyI6eyJTS0lOIjp7InVybCI6Imh0dHA6Ly90ZXh0dXJlcy5taW5lY3JhZnQubmV0L3RleHR1cmUvYTliOTA2YjIxNTVmMTkzNzg3MDQyMzM4ZDA1Zjg0MDM5MWMwNWE2ZDNlODE2MjM5MDFiMjk2YmVlM2ZmZGQyIn19fQ==\"}]}}}"
    },
    "title": {
      "text": "Bag of Gold"
    },
    "description": {
      "text": "1 of 3 Player Heads"
    },
    "frame": "task",
    "show_toast": true,
    "announce_to_chat": false,
    "hidden": true
  },
  "criteria": {
    "mineshaft": {
      "trigger": "minecraft:inventory_changed",
      "conditions": {
				"items": [
					{
						"item": "minecraft:player_head",
						"nbt": "{display:{Name:\"{\\\"text\\\":\\\"Bag of Gold\\\"}\"},SkullOwner:{Id:[I;1924657862,-1239725711,-1866312190,2025265060],Properties:{textures:[{Value:\"eyJ0ZXh0dXJlcyI6eyJTS0lOIjp7InVybCI6Imh0dHA6Ly90ZXh0dXJlcy5taW5lY3JhZnQubmV0L3RleHR1cmUvYTliOTA2YjIxNTVmMTkzNzg3MDQyMzM4ZDA1Zjg0MDM5MWMwNWE2ZDNlODE2MjM5MDFiMjk2YmVlM2ZmZGQyIn19fQ==\"}]}}}"
					}
				]
			}
    }
  }
}