{
  "parent": "minecraft:chest_loot/bastion",
  "display": {
    "icon": {
      "item": "minecraft:player_head",
			"nbt": "{display:{Name:\"{\\\"text\\\":\\\"Golden Pig\\\"}\"},SkullOwner:{Id:[I;2090862422,585711964,-1948039975,-72846478],Properties:{textures:[{Value:\"eyJ0ZXh0dXJlcyI6eyJTS0lOIjp7InVybCI6Imh0dHA6Ly90ZXh0dXJlcy5taW5lY3JhZnQubmV0L3RleHR1cmUvOGVhM2RkYzkxN2Q2ZWJkOGFlZWM3ZmRmZGFmMzI2ZDhjNmZlYWUzZGY1NjRjZDI3MzdkZGNhNzQ1ZjVlN2IxIn19fQ==\"}]}}}"
    },
    "title": {
      "text": "Golden Pig"
    },
    "description": {
      "text": "4 of 7 Player Heads"
    },
    "frame": "task",
    "show_toast": true,
    "announce_to_chat": false,
    "hidden": true
  },
  "criteria": {
    "mineshaft": {
      "trigger": "minecraft:inventory_changed",
      "conditions": {
				"items": [
					{
						"item": "minecraft:player_head",
						"nbt": "{display:{Name:\"{\\\"text\\\":\\\"Golden Pig\\\"}\"},SkullOwner:{Id:[I;2090862422,585711964,-1948039975,-72846478],Properties:{textures:[{Value:\"eyJ0ZXh0dXJlcyI6eyJTS0lOIjp7InVybCI6Imh0dHA6Ly90ZXh0dXJlcy5taW5lY3JhZnQubmV0L3RleHR1cmUvOGVhM2RkYzkxN2Q2ZWJkOGFlZWM3ZmRmZGFmMzI2ZDhjNmZlYWUzZGY1NjRjZDI3MzdkZGNhNzQ1ZjVlN2IxIn19fQ==\"}]}}}"
					}
				]
			}
    }
  }
}