{
  "parent": "minecraft:chest_loot/bastion",
  "display": {
    "icon": {
      "item": "minecraft:player_head",
			"nbt": "{display:{Name:\"{\\\"text\\\":\\\"Warped Fungus\\\"}\"},SkullOwner:{Id:[I;-606413287,-1332919988,-1336847232,493686667],Properties:{textures:[{Value:\"eyJ0ZXh0dXJlcyI6eyJTS0lOIjp7InVybCI6Imh0dHA6Ly90ZXh0dXJlcy5taW5lY3JhZnQubmV0L3RleHR1cmUvYzQyNTE4Mjc4YjZhODg3MDE0Y2E3ZjczZDY5MGJiM2MwZjg3ZjE5MGMwYTI1ZThhY2ZmZjVkYjIwMWZiYTIxNyJ9fX0=\"}]}}}"
    },
    "title": {
      "text": "Warped Fungus"
    },
    "description": {
      "text": "1 of 7 Player Heads"
    },
    "frame": "task",
    "show_toast": true,
    "announce_to_chat": false,
    "hidden": true
  },
  "criteria": {
    "mineshaft": {
      "trigger": "minecraft:inventory_changed",
      "conditions": {
				"items": [
					{
						"item": "minecraft:player_head",
						"nbt": "{display:{Name:\"{\\\"text\\\":\\\"Warped Fungus\\\"}\"},SkullOwner:{Id:[I;-606413287,-1332919988,-1336847232,493686667],Properties:{textures:[{Value:\"eyJ0ZXh0dXJlcyI6eyJTS0lOIjp7InVybCI6Imh0dHA6Ly90ZXh0dXJlcy5taW5lY3JhZnQubmV0L3RleHR1cmUvYzQyNTE4Mjc4YjZhODg3MDE0Y2E3ZjczZDY5MGJiM2MwZjg3ZjE5MGMwYTI1ZThhY2ZmZjVkYjIwMWZiYTIxNyJ9fX0=\"}]}}}"
					}
				]
			}
    }
  }
}