{
  "parent": "minecraft:chest_loot/bastion",
  "display": {
    "icon": {
      "item": "minecraft:player_head",
			"nbt": "{display:{Name:\"{\\\"text\\\":\\\"Lava Bucket\\\"}\"},SkullOwner:{Id:[I;1360720973,1744192743,-1547541288,1154300244],Properties:{textures:[{Value:\"eyJ0ZXh0dXJlcyI6eyJTS0lOIjp7InVybCI6Imh0dHA6Ly90ZXh0dXJlcy5taW5lY3JhZnQubmV0L3RleHR1cmUvOGQ1NDI3YTgzNTQwYTA4YTNmYTJlNjU1YzI5NjRhMDcyNDM1MTQ1ODRhNzFlYzM1ZDZiOWUxODRkZmJlMzE4In19fQ==\"}]}}}"
    },
    "title": {
      "text": "Lava Bucket"
    },
    "description": {
      "text": "5 of 7 Player Heads"
    },
    "frame": "task",
    "show_toast": true,
    "announce_to_chat": false,
    "hidden": true
  },
  "criteria": {
    "mineshaft": {
      "trigger": "minecraft:inventory_changed",
      "conditions": {
				"items": [
					{
						"item": "minecraft:player_head",
						"nbt": "{display:{Name:\"{\\\"text\\\":\\\"Lava Bucket\\\"}\"},SkullOwner:{Id:[I;1360720973,1744192743,-1547541288,1154300244],Properties:{textures:[{Value:\"eyJ0ZXh0dXJlcyI6eyJTS0lOIjp7InVybCI6Imh0dHA6Ly90ZXh0dXJlcy5taW5lY3JhZnQubmV0L3RleHR1cmUvOGQ1NDI3YTgzNTQwYTA4YTNmYTJlNjU1YzI5NjRhMDcyNDM1MTQ1ODRhNzFlYzM1ZDZiOWUxODRkZmJlMzE4In19fQ==\"}]}}}"
					}
				]
			}
    }
  }
}