{
  "parent": "minecraft:chest_loot/bastion",
  "display": {
    "icon": {
      "item": "minecraft:iron_boots",
			"nbt": "{display:{Name:\"{\\\"text\\\":\\\"Rug Cutters\\\"}\", Lore:[\"Furiously Fast\"]}, Enchantments:[{id:\"soul_speed\", lvl:5s}], RepairCost:99}"
    },
    "title": {
      "text": "Rug Cutters"
    },
    "description": {
      "text": "1 of 1 Unique Item"
    },
    "frame": "task",
    "show_toast": true,
    "announce_to_chat": false,
    "hidden": true
  },
  "criteria": {
    "mineshaft": {
      "trigger": "minecraft:inventory_changed",
      "conditions": {
				"items": [
					{
						"item": "minecraft:iron_boots",
						"nbt": "{display:{Name:\"{\\\"text\\\":\\\"Rug Cutters\\\"}\", Lore:[\"Furiously Fast\"]}, Enchantments:[{id:\"soul_speed\", lvl:5s}], RepairCost:99}"
					}
				]
			}
    }
  }
}