{
  "parent": "minecraft:chest_loot/shipwreck",
  "display": {
    "icon": {
      "item": "minecraft:player_head",
			"nbt": "{display:{Name:\"{\\\"text\\\":\\\"Captain Skelly\\\"}\"},SkullOwner:{Id:[I;741326104,315179623,-1903878829,1147520582],Properties:{textures:[{Value:\"eyJ0ZXh0dXJlcyI6eyJTS0lOIjp7InVybCI6Imh0dHA6Ly90ZXh0dXJlcy5taW5lY3JhZnQubmV0L3RleHR1cmUvOGIxYzkwZTY3ODk0ZWFkZDAxMTIwNzdiMDllZTdkOWIzMDBlNmFmZTkyNWJhY2NiNjQ4OTA0Y2UxYTZjMTU0NyJ9fX0=\"}]}}}"
    },
    "title": {
      "text": "Captain Skelly"
    },
    "description": {
      "text": "7 of 10 Player Heads"
    },
    "frame": "task",
    "show_toast": true,
    "announce_to_chat": false,
    "hidden": true
  },
  "criteria": {
    "mineshaft": {
      "trigger": "minecraft:inventory_changed",
      "conditions": {
				"items": [
					{
						"item": "minecraft:player_head",
						"nbt": "{display:{Name:\"{\\\"text\\\":\\\"Captain Skelly\\\"}\"},SkullOwner:{Id:[I;741326104,315179623,-1903878829,1147520582],Properties:{textures:[{Value:\"eyJ0ZXh0dXJlcyI6eyJTS0lOIjp7InVybCI6Imh0dHA6Ly90ZXh0dXJlcy5taW5lY3JhZnQubmV0L3RleHR1cmUvOGIxYzkwZTY3ODk0ZWFkZDAxMTIwNzdiMDllZTdkOWIzMDBlNmFmZTkyNWJhY2NiNjQ4OTA0Y2UxYTZjMTU0NyJ9fX0=\"}]}}}"
					}
				]
			}
    }
  }
}