{
  "parent": "minecraft:chest_loot/shipwreck",
  "display": {
    "icon": {
      "item": "minecraft:player_head",
			"nbt": "{display:{Name:\"{\\\"text\\\":\\\"Stool\\\"}\"},SkullOwner:{Id:[I;442901772,1052919345,-1313747547,-2120007569],Properties:{textures:[{Value:\"eyJ0ZXh0dXJlcyI6eyJTS0lOIjp7InVybCI6Imh0dHA6Ly90ZXh0dXJlcy5taW5lY3JhZnQubmV0L3RleHR1cmUvZTBkOGJhNjY0N2ZjMmJjZTU5ZDgyY2NmMjJjNTRjMWJmMTBjNDg3NzNkMDQ3ZDgyNDkxMGI4NTA4NGE0NjM5NSJ9fX0=\"}]}}}"
    },
    "title": {
      "text": "Stool"
    },
    "description": {
      "text": "10 of 10 Player Heads"
    },
    "frame": "task",
    "show_toast": true,
    "announce_to_chat": false,
    "hidden": true
  },
  "criteria": {
    "mineshaft": {
      "trigger": "minecraft:inventory_changed",
      "conditions": {
				"items": [
					{
						"item": "minecraft:player_head",
						"nbt": "{display:{Name:\"{\\\"text\\\":\\\"Stool\\\"}\"},SkullOwner:{Id:[I;442901772,1052919345,-1313747547,-2120007569],Properties:{textures:[{Value:\"eyJ0ZXh0dXJlcyI6eyJTS0lOIjp7InVybCI6Imh0dHA6Ly90ZXh0dXJlcy5taW5lY3JhZnQubmV0L3RleHR1cmUvZTBkOGJhNjY0N2ZjMmJjZTU5ZDgyY2NmMjJjNTRjMWJmMTBjNDg3NzNkMDQ3ZDgyNDkxMGI4NTA4NGE0NjM5NSJ9fX0=\"}]}}}"
					}
				]
			}
    }
  }
}