{
  "parent": "minecraft:chest_loot/shipwreck",
  "display": {
    "icon": {
      "item": "minecraft:player_head",
			"nbt": "{display:{Name:\"{\\\"text\\\":\\\"Pirate Mannequin\\\"}\"},SkullOwner:{Id:[I;764771219,-330088067,-1087012510,1351796416],Properties:{textures:[{Value:\"eyJ0ZXh0dXJlcyI6eyJTS0lOIjp7InVybCI6Imh0dHA6Ly90ZXh0dXJlcy5taW5lY3JhZnQubmV0L3RleHR1cmUvNzQ3M2ZlMTZjNThkZGRhOTJhNDVmMWEyZTk2OWVmYWQ1NjQ4ZGFkOGE3MTM1MTcyYThkNzVjZjA2NGFmIn19fQ==\"}]}}}"
    },
    "title": {
      "text": "Pirate Mannequin"
    },
    "description": {
      "text": "6 of 10 Player Heads"
    },
    "frame": "task",
    "show_toast": true,
    "announce_to_chat": false,
    "hidden": true
  },
  "criteria": {
    "mineshaft": {
      "trigger": "minecraft:inventory_changed",
      "conditions": {
				"items": [
					{
						"item": "minecraft:player_head",
						"nbt": "{display:{Name:\"{\\\"text\\\":\\\"Pirate Mannequin\\\"}\"},SkullOwner:{Id:[I;764771219,-330088067,-1087012510,1351796416],Properties:{textures:[{Value:\"eyJ0ZXh0dXJlcyI6eyJTS0lOIjp7InVybCI6Imh0dHA6Ly90ZXh0dXJlcy5taW5lY3JhZnQubmV0L3RleHR1cmUvNzQ3M2ZlMTZjNThkZGRhOTJhNDVmMWEyZTk2OWVmYWQ1NjQ4ZGFkOGE3MTM1MTcyYThkNzVjZjA2NGFmIn19fQ==\"}]}}}"
					}
				]
			}
    }
  }
}