{
  "parent": "minecraft:chest_loot/shipwreck",
  "display": {
    "icon": {
      "item": "minecraft:player_head",
			"nbt": "{display:{Name:\"{\\\"text\\\":\\\"Cannonball\\\"}\"},SkullOwner:{Id:[I;-639877664,1727545686,-2004029853,-632720288],Properties:{textures:[{Value:\"eyJ0ZXh0dXJlcyI6eyJTS0lOIjp7InVybCI6Imh0dHA6Ly90ZXh0dXJlcy5taW5lY3JhZnQubmV0L3RleHR1cmUvMjI1MjNlMTVlOTk4NjM1NWExZjg1MWY0M2Y3NTBlZTNmMjNjODlhZTEyMzYzMWRhMjQxZjg3MmJhN2E3ODEifX19\"}]}}}"
    },
    "title": {
      "text": "Cannonball"
    },
    "description": {
      "text": "4 of 10 Player Heads"
    },
    "frame": "task",
    "show_toast": true,
    "announce_to_chat": false,
    "hidden": true
  },
  "criteria": {
    "mineshaft": {
      "trigger": "minecraft:inventory_changed",
      "conditions": {
				"items": [
					{
						"item": "minecraft:player_head",
						"nbt": "{display:{Name:\"{\\\"text\\\":\\\"Cannonball\\\"}\"},SkullOwner:{Id:[I;-639877664,1727545686,-2004029853,-632720288],Properties:{textures:[{Value:\"eyJ0ZXh0dXJlcyI6eyJTS0lOIjp7InVybCI6Imh0dHA6Ly90ZXh0dXJlcy5taW5lY3JhZnQubmV0L3RleHR1cmUvMjI1MjNlMTVlOTk4NjM1NWExZjg1MWY0M2Y3NTBlZTNmMjNjODlhZTEyMzYzMWRhMjQxZjg3MmJhN2E3ODEifX19\"}]}}}"
					}
				]
			}
    }
  }
}