{
  "parent": "minecraft:chest_loot/shipwreck",
  "display": {
    "icon": {
      "item": "minecraft:player_head",
			"nbt": "{display:{Name:\"{\\\"text\\\":\\\"Hourglass\\\"}\"},SkullOwner:{Id:[I;-1736413846,-1165672323,-1445081926,-388099681],Properties:{textures:[{Value:\"eyJ0ZXh0dXJlcyI6eyJTS0lOIjp7InVybCI6Imh0dHA6Ly90ZXh0dXJlcy5taW5lY3JhZnQubmV0L3RleHR1cmUvNmM3ZDM1YzdmNWMyODQ5ZDFlMjM4OTZlYmFiMjQ0ZDM0ZWYwZGFmZWRkODkxOTc0OTQ2MWI3ZDE1Y2MxZjA0In19fQ==\"}]}}}"
    },
    "title": {
      "text": "Hourglass"
    },
    "description": {
      "text": "9 of 10 Player Heads"
    },
    "frame": "task",
    "show_toast": true,
    "announce_to_chat": false,
    "hidden": true
  },
  "criteria": {
    "mineshaft": {
      "trigger": "minecraft:inventory_changed",
      "conditions": {
				"items": [
					{
						"item": "minecraft:player_head",
						"nbt": "{display:{Name:\"{\\\"text\\\":\\\"Hourglass\\\"}\"},SkullOwner:{Id:[I;-1736413846,-1165672323,-1445081926,-388099681],Properties:{textures:[{Value:\"eyJ0ZXh0dXJlcyI6eyJTS0lOIjp7InVybCI6Imh0dHA6Ly90ZXh0dXJlcy5taW5lY3JhZnQubmV0L3RleHR1cmUvNmM3ZDM1YzdmNWMyODQ5ZDFlMjM4OTZlYmFiMjQ0ZDM0ZWYwZGFmZWRkODkxOTc0OTQ2MWI3ZDE1Y2MxZjA0In19fQ==\"}]}}}"
					}
				]
			}
    }
  }
}