{
  "parent": "minecraft:chest_loot/shipwreck",
  "display": {
    "icon": {
      "item": "minecraft:player_head",
			"nbt": "{display:{Name:\"{\\\"text\\\":\\\"Barrel (open)\\\"}\"},SkullOwner:{Id:[I;-2110060450,1803371897,-1861919606,1044351832],Properties:{textures:[{Value:\"eyJ0ZXh0dXJlcyI6eyJTS0lOIjp7InVybCI6Imh0dHA6Ly90ZXh0dXJlcy5taW5lY3JhZnQubmV0L3RleHR1cmUvNzdmZDgxMThmMDc4MjhjZjdkOTM5MWM1YTAyMTRhYTI1YWYyNGM5OGU0NTAzZTBiMmZjYzhlZmRkMzE4OWJiMCJ9fX0=\"}]}}}"
    },
    "title": {
      "text": "Barrel"
    },
    "description": {
      "text": "2 of 10 Player Heads"
    },
    "frame": "task",
    "show_toast": true,
    "announce_to_chat": false,
    "hidden": true
  },
  "criteria": {
    "mineshaft": {
      "trigger": "minecraft:inventory_changed",
      "conditions": {
				"items": [
					{
						"item": "minecraft:player_head",
						"nbt": "{display:{Name:\"{\\\"text\\\":\\\"Barrel (open)\\\"}\"},SkullOwner:{Id:[I;-2110060450,1803371897,-1861919606,1044351832],Properties:{textures:[{Value:\"eyJ0ZXh0dXJlcyI6eyJTS0lOIjp7InVybCI6Imh0dHA6Ly90ZXh0dXJlcy5taW5lY3JhZnQubmV0L3RleHR1cmUvNzdmZDgxMThmMDc4MjhjZjdkOTM5MWM1YTAyMTRhYTI1YWYyNGM5OGU0NTAzZTBiMmZjYzhlZmRkMzE4OWJiMCJ9fX0=\"}]}}}"
					}
				]
			}
    }
  }
}