{
  "parent": "minecraft:chest_loot/shipwreck",
  "display": {
    "icon": {
      "item": "minecraft:player_head",
			"nbt": "{display:{Name:\"{\\\"text\\\":\\\"Barrel (sideways, open)\\\"}\"},SkullOwner:{Id:[I;633216096,114901444,-1367149859,538556405],Properties:{textures:[{Value:\"eyJ0ZXh0dXJlcyI6eyJTS0lOIjp7InVybCI6Imh0dHA6Ly90ZXh0dXJlcy5taW5lY3JhZnQubmV0L3RleHR1cmUvNWU0OTk4NWMzY2UyN2RjYzcyYjYwYmM0ZTAwMTczMTZjNzE5NDM3MTVjZWNjOTdiMzYxNmQ0MmE5ZDkxOWFjMSJ9fX0=\"}]}}}"
    },
    "title": {
      "text": "Barrel (sideways)"
    },
    "description": {
      "text": "1 of 10 Player Heads"
    },
    "frame": "task",
    "show_toast": true,
    "announce_to_chat": false,
    "hidden": true
  },
  "criteria": {
    "mineshaft": {
      "trigger": "minecraft:inventory_changed",
      "conditions": {
				"items": [
					{
						"item": "minecraft:player_head",
						"nbt": "{display:{Name:\"{\\\"text\\\":\\\"Barrel (sideways, open)\\\"}\"},SkullOwner:{Id:[I;633216096,114901444,-1367149859,538556405],Properties:{textures:[{Value:\"eyJ0ZXh0dXJlcyI6eyJTS0lOIjp7InVybCI6Imh0dHA6Ly90ZXh0dXJlcy5taW5lY3JhZnQubmV0L3RleHR1cmUvNWU0OTk4NWMzY2UyN2RjYzcyYjYwYmM0ZTAwMTczMTZjNzE5NDM3MTVjZWNjOTdiMzYxNmQ0MmE5ZDkxOWFjMSJ9fX0=\"}]}}}"
					}
				]
			}
    }
  }
}