{
  "parent": "minecraft:chest_loot/shipwreck",
  "display": {
    "icon": {
      "item": "minecraft:player_head",
			"nbt": "{display:{Name:\"{\\\"text\\\":\\\"Fish Tank\\\"}\"},SkullOwner:{Id:[I;-40150888,-586463624,-1649442773,-1626127860],Properties:{textures:[{Value:\"eyJ0ZXh0dXJlcyI6eyJTS0lOIjp7InVybCI6Imh0dHA6Ly90ZXh0dXJlcy5taW5lY3JhZnQubmV0L3RleHR1cmUvNGNlOGZkYTEzMDNiNWIzMjM5Yjk2ZWZiYTM5NWY2MjcxN2NjODc4NWJlMzJlMWQ4ODlhZmU2Yjk3YmIxYzFhIn19fQ==\"}]}}}"
    },
    "title": {
      "text": "Fish Tank"
    },
    "description": {
      "text": "5 of 10 Player Heads"
    },
    "frame": "task",
    "show_toast": true,
    "announce_to_chat": false,
    "hidden": true
  },
  "criteria": {
    "mineshaft": {
      "trigger": "minecraft:inventory_changed",
      "conditions": {
				"items": [
					{
						"item": "minecraft:player_head",
						"nbt": "{display:{Name:\"{\\\"text\\\":\\\"Fish Tank\\\"}\"},SkullOwner:{Id:[I;-40150888,-586463624,-1649442773,-1626127860],Properties:{textures:[{Value:\"eyJ0ZXh0dXJlcyI6eyJTS0lOIjp7InVybCI6Imh0dHA6Ly90ZXh0dXJlcy5taW5lY3JhZnQubmV0L3RleHR1cmUvNGNlOGZkYTEzMDNiNWIzMjM5Yjk2ZWZiYTM5NWY2MjcxN2NjODc4NWJlMzJlMWQ4ODlhZmU2Yjk3YmIxYzFhIn19fQ==\"}]}}}"
					}
				]
			}
    }
  }
}