{
  "parent": "minecraft:chest_loot/shipwreck",
  "display": {
    "icon": {
      "item": "minecraft:player_head",
			"nbt": "{display:{Name:\"{\\\"text\\\":\\\"Logs\\\"}\"},SkullOwner:{Id:[I;-1902346387,1196706748,-1455188887,-424658165],Properties:{textures:[{Value:\"eyJ0ZXh0dXJlcyI6eyJTS0lOIjp7InVybCI6Imh0dHA6Ly90ZXh0dXJlcy5taW5lY3JhZnQubmV0L3RleHR1cmUvODg4YzQ3MzllMjI4M2FhYTYyODE5NTk0ODZkMTQ5ZjMwNmI2ZTY3MjlhNmExYjNiZjljODUzYTIyYTkifX19\"}]}}}"
    },
    "title": {
      "text": "Logs"
    },
    "description": {
      "text": "3 of 10 Player Heads"
    },
    "frame": "task",
    "show_toast": true,
    "announce_to_chat": false,
    "hidden": true
  },
  "criteria": {
    "mineshaft": {
      "trigger": "minecraft:inventory_changed",
      "conditions": {
				"items": [
					{
						"item": "minecraft:player_head",
						"nbt": "{display:{Name:\"{\\\"text\\\":\\\"Logs\\\"}\"},SkullOwner:{Id:[I;-1902346387,1196706748,-1455188887,-424658165],Properties:{textures:[{Value:\"eyJ0ZXh0dXJlcyI6eyJTS0lOIjp7InVybCI6Imh0dHA6Ly90ZXh0dXJlcy5taW5lY3JhZnQubmV0L3RleHR1cmUvODg4YzQ3MzllMjI4M2FhYTYyODE5NTk0ODZkMTQ5ZjMwNmI2ZTY3MjlhNmExYjNiZjljODUzYTIyYTkifX19\"}]}}}"
					}
				]
			}
    }
  }
}