{
  "parent": "minecraft:chest_loot/shipwreck",
  "display": {
    "icon": {
      "item": "minecraft:player_head",
			"nbt": "{display:{Name:\"{\\\"text\\\":\\\"Candle\\\"}\"},SkullOwner:{Id:[I;-1780096212,-209696924,-1499650328,-669850726],Properties:{textures:[{Value:\"eyJ0ZXh0dXJlcyI6eyJTS0lOIjp7InVybCI6Imh0dHA6Ly90ZXh0dXJlcy5taW5lY3JhZnQubmV0L3RleHR1cmUvNzg3ZDgzNWI1NDNlZDFiMDI0MTU3MDFjYTdiM2Y4YzhhMGExMTJhZjEzMThmOWNlYzVhNWU5MWU0ODE0YTI0OSJ9fX0=\"}]}}}"
    },
    "title": {
      "text": "Candle"
    },
    "description": {
      "text": "8 of 10 Player Heads"
    },
    "frame": "task",
    "show_toast": true,
    "announce_to_chat": false,
    "hidden": true
  },
  "criteria": {
    "mineshaft": {
      "trigger": "minecraft:inventory_changed",
      "conditions": {
				"items": [
					{
						"item": "minecraft:player_head",
						"nbt": "{display:{Name:\"{\\\"text\\\":\\\"Candle\\\"}\"},SkullOwner:{Id:[I;-1780096212,-209696924,-1499650328,-669850726],Properties:{textures:[{Value:\"eyJ0ZXh0dXJlcyI6eyJTS0lOIjp7InVybCI6Imh0dHA6Ly90ZXh0dXJlcy5taW5lY3JhZnQubmV0L3RleHR1cmUvNzg3ZDgzNWI1NDNlZDFiMDI0MTU3MDFjYTdiM2Y4YzhhMGExMTJhZjEzMThmOWNlYzVhNWU5MWU0ODE0YTI0OSJ9fX0=\"}]}}}"
					}
				]
			}
    }
  }
}