{
    "display": {
        "icon": {
            "item": "minecraft:cobweb"
        },
        "title": {"translate":"Spider-skeleton"},
        "description": {"translate":"Does whatever a spider can"},
        "frame": "goal"
    },
    "parent": "blazeandcave:combat/spider_smasher",
	"rewards": {
        "experience": 50,
		"function": "bc_rewards:combat/spider_skeleton"
    },	
    "criteria": {
        "spider": {
            "trigger": "minecraft:player_killed_entity",
            "conditions": {
                "entity": {
                    "type": "spider",
					"nbt": "{Passengers:[{id:\"minecraft:skeleton\"}]}"
                }
            }
        },
        "skeleton": {
            "trigger": "minecraft:player_killed_entity",
            "conditions": {
                "entity": {
                    "type": "skeleton",
					"vehicle": {
						"type": "spider"
					}
                }
            }
        }
    },
	"requirements": [
		[
			"spider",
			"skeleton"
		]
	]
}