{
  "parent": "minecraft:chest_loot/buried_treasure",
  "display": {
    "icon": {
      "item": "minecraft:fishing_rod",
			"nbt": "{display:{Name:\"{\\\"text\\\":\\\"Alluring Fishing Rod\\\"}\", Lore:[\"Faster Fishing\"]}, Enchantments:[{id:\"lure\", lvl:5s}], RepairCost:99}"
    },
    "title": {
      "text": "Alluring Fishing Rod"
    },
    "description": {
      "text": "1 of 1 Unique Item"
    },
    "frame": "task",
    "show_toast": true,
    "announce_to_chat": false,
    "hidden": true
  },
  "criteria": {
    "mineshaft": {
      "trigger": "minecraft:inventory_changed",
      "conditions": {
				"items": [
					{
						"item": "minecraft:fishing_rod",
						"nbt": "{display:{Name:\"{\\\"text\\\":\\\"Alluring Fishing Rod\\\"}\", Lore:[\"Faster Fishing\"]}, Enchantments:[{id:\"lure\", lvl:5s}], RepairCost:99}"
					}
				]
			}
    }
  }
}