{
  "parent": "minecraft:chest_loot/buried_treasure",
  "display": {
    "icon": {
      "item": "minecraft:black_banner",
			"nbt": "{display:{Name:\"{\\\"text\\\":\\\"Jolly Roger\\\"}\"}, BlockEntityTag:{Patterns:[{Pattern:sku,Color:0}]}}"
    },
    "title": {
      "text": "Jolly Roger by Anonymous"
    },
    "description": {
      "text": "1 of 1 Banner"
    },
    "frame": "task",
    "show_toast": true,
    "announce_to_chat": false,
    "hidden": true
  },
  "criteria": {
    "mineshaft": {
      "trigger": "minecraft:inventory_changed",
      "conditions": {
				"items": [
					{
						"item": "minecraft:black_banner",
						"nbt": "{display:{Name:\"{\\\"text\\\":\\\"Jolly Roger\\\"}\"}, BlockEntityTag:{Patterns:[{Pattern:sku,Color:0}]}}"
					}
				]
			}
    }
  }
}