{
  "parent": "minecraft:chest_loot/buried_treasure",
  "display": {
    "icon": {
      "item": "minecraft:player_head",
			"nbt": "{display:{Name:\"{\\\"text\\\":\\\"Barrel (sideways)\\\"}\"},SkullOwner:{Id:[I;-854226057,429867560,-1674950453,-343983952],Properties:{textures:[{Value:\"eyJ0ZXh0dXJlcyI6eyJTS0lOIjp7InVybCI6Imh0dHA6Ly90ZXh0dXJlcy5taW5lY3JhZnQubmV0L3RleHR1cmUvZmMxYjA3ZTI3MWU0Nzk3MGFkNTlhYzMyNDYyMGI3MWFjNjZhZWY3Y2YyMDUxZDI1YWQwMDliZjAxOWI5MjYwNiJ9fX0=\"}]}}}"
    },
    "title": {
      "text": "Barrel (sideways)"
    },
    "description": {
      "text": "2 of 3 Player Heads"
    },
    "frame": "task",
    "show_toast": true,
    "announce_to_chat": false,
    "hidden": true
  },
  "criteria": {
    "mineshaft": {
      "trigger": "minecraft:inventory_changed",
      "conditions": {
				"items": [
					{
						"item": "minecraft:player_head",
						"nbt": "{display:{Name:\"{\\\"text\\\":\\\"Barrel (sideways)\\\"}\"},SkullOwner:{Id:[I;-854226057,429867560,-1674950453,-343983952],Properties:{textures:[{Value:\"eyJ0ZXh0dXJlcyI6eyJTS0lOIjp7InVybCI6Imh0dHA6Ly90ZXh0dXJlcy5taW5lY3JhZnQubmV0L3RleHR1cmUvZmMxYjA3ZTI3MWU0Nzk3MGFkNTlhYzMyNDYyMGI3MWFjNjZhZWY3Y2YyMDUxZDI1YWQwMDliZjAxOWI5MjYwNiJ9fX0=\"}]}}}"
					}
				]
			}
    }
  }
}