{
  "parent": "minecraft:chest_loot/buried_treasure",
  "display": {
    "icon": {
      "item": "minecraft:player_head",
			"nbt": "{display:{Name:\"{\\\"text\\\":\\\"Barrel\\\"}\"},SkullOwner:{Id:[I;-1113038487,1526484579,-1311424843,637932952],Properties:{textures:[{Value:\"eyJ0ZXh0dXJlcyI6eyJTS0lOIjp7InVybCI6Imh0dHA6Ly90ZXh0dXJlcy5taW5lY3JhZnQubmV0L3RleHR1cmUvYzY3ZDVkMzdjZDY0Y2UzZmI1NzM3N2QyNWQ2MTUyYWE0YWMyZTM3OTU0MjQ4ZDVkOTFmODhmYmQ3OTFmNDc2NiJ9fX0=\"}]}}}"
    },
    "title": {
      "text": "Barrel"
    },
    "description": {
      "text": "3 of 3 Player Heads"
    },
    "frame": "task",
    "show_toast": true,
    "announce_to_chat": false,
    "hidden": true
  },
  "criteria": {
    "mineshaft": {
      "trigger": "minecraft:inventory_changed",
      "conditions": {
				"items": [
					{
						"item": "minecraft:player_head",
						"nbt": "{display:{Name:\"{\\\"text\\\":\\\"Barrel\\\"}\"},SkullOwner:{Id:[I;-1113038487,1526484579,-1311424843,637932952],Properties:{textures:[{Value:\"eyJ0ZXh0dXJlcyI6eyJTS0lOIjp7InVybCI6Imh0dHA6Ly90ZXh0dXJlcy5taW5lY3JhZnQubmV0L3RleHR1cmUvYzY3ZDVkMzdjZDY0Y2UzZmI1NzM3N2QyNWQ2MTUyYWE0YWMyZTM3OTU0MjQ4ZDVkOTFmODhmYmQ3OTFmNDc2NiJ9fX0=\"}]}}}"
					}
				]
			}
    }
  }
}