{
  "parent": "minecraft:chest_loot/pillageroutpost",
  "display": {
    "icon": {
      "item": "minecraft:player_head",
			"nbt": "{display:{Name:\"{\\\"text\\\":\\\"Poison\\\"}\"},SkullOwner:{Id:[I;230629621,837109324,-1330587645,-865550672],Properties:{textures:[{Value:\"eyJ0ZXh0dXJlcyI6eyJTS0lOIjp7InVybCI6Imh0dHA6Ly90ZXh0dXJlcy5taW5lY3JhZnQubmV0L3RleHR1cmUvNWI2NmRjY2UzMTQyY2YyYmEwYmEyOWVjMjllNzExNjA3MjNmNWViNTk4NzkzYTczMTJkMzI0YWYzYWI5OCJ9fX0=\"}]}}}"
    },
    "title": {
      "text": "Poison"
    },
    "description": {
      "text": "3 of 3 Player Heads"
    },
    "frame": "task",
    "show_toast": true,
    "announce_to_chat": false,
    "hidden": true
  },
  "criteria": {
    "mineshaft": {
      "trigger": "minecraft:inventory_changed",
      "conditions": {
				"items": [
					{
						"item": "minecraft:player_head",
						"nbt": "{display:{Name:\"{\\\"text\\\":\\\"Poison\\\"}\"},SkullOwner:{Id:[I;230629621,837109324,-1330587645,-865550672],Properties:{textures:[{Value:\"eyJ0ZXh0dXJlcyI6eyJTS0lOIjp7InVybCI6Imh0dHA6Ly90ZXh0dXJlcy5taW5lY3JhZnQubmV0L3RleHR1cmUvNWI2NmRjY2UzMTQyY2YyYmEwYmEyOWVjMjllNzExNjA3MjNmNWViNTk4NzkzYTczMTJkMzI0YWYzYWI5OCJ9fX0=\"}]}}}"
					}
				]
			}
    }
  }
}