{
  "parent": "minecraft:chest_loot/pillageroutpost",
  "display": {
    "icon": {
      "item": "minecraft:player_head",
			"nbt": "{display:{Name:\"{\\\"text\\\":\\\"Bell\\\"}\"},SkullOwner:{Id:[I;-25486931,1811103986,-1366426131,-2019144095],Properties:{textures:[{Value:\"eyJ0ZXh0dXJlcyI6eyJTS0lOIjp7InVybCI6Imh0dHA6Ly90ZXh0dXJlcy5taW5lY3JhZnQubmV0L3RleHR1cmUvYjBhMjZhZjQ1MmRjOGUyOTBjMmM0MmUwNzlhMmVlYTZhNjUwYzgwNzRkY2JlMDVkYWM0NjYxODkwODE3NmExZCJ9fX0=\"}]}}}"
    },
    "title": {
      "text": "Bell"
    },
    "description": {
      "text": "2 of 3 Player Heads"
    },
    "frame": "task",
    "show_toast": true,
    "announce_to_chat": false,
    "hidden": true
  },
  "criteria": {
    "mineshaft": {
      "trigger": "minecraft:inventory_changed",
      "conditions": {
				"items": [
					{
						"item": "minecraft:player_head",
						"nbt": "{display:{Name:\"{\\\"text\\\":\\\"Bell\\\"}\"},SkullOwner:{Id:[I;-25486931,1811103986,-1366426131,-2019144095],Properties:{textures:[{Value:\"eyJ0ZXh0dXJlcyI6eyJTS0lOIjp7InVybCI6Imh0dHA6Ly90ZXh0dXJlcy5taW5lY3JhZnQubmV0L3RleHR1cmUvYjBhMjZhZjQ1MmRjOGUyOTBjMmM0MmUwNzlhMmVlYTZhNjUwYzgwNzRkY2JlMDVkYWM0NjYxODkwODE3NmExZCJ9fX0=\"}]}}}"
					}
				]
			}
    }
  }
}