{
  "parent": "minecraft:chest_loot/pillageroutpost",
  "display": {
    "icon": {
      "item": "minecraft:player_head",
			"nbt": "{display:{Name:\"{\\\"text\\\":\\\"Skull\\\"}\"},SkullOwner:{Id:[I;-967193132,-466204297,-1498950319,-1900097605],Properties:{textures:[{Value:\"eyJ0ZXh0dXJlcyI6eyJTS0lOIjp7InVybCI6Imh0dHA6Ly90ZXh0dXJlcy5taW5lY3JhZnQubmV0L3RleHR1cmUvMmYyNGVkNjg3NTMwNGZhNGExZjBjNzg1YjJjYjZhNmE3MjU2M2U5ZjNlMjRlYTU1ZTE4MTc4NDUyMTE5YWE2NiJ9fX0=\"}]}}}"
    },
    "title": {
      "text": "Skull"
    },
    "description": {
      "text": "1 of 3 Player Heads"
    },
    "frame": "task",
    "show_toast": true,
    "announce_to_chat": false,
    "hidden": true
  },
  "criteria": {
    "mineshaft": {
      "trigger": "minecraft:inventory_changed",
      "conditions": {
				"items": [
					{
						"item": "minecraft:player_head",
						"nbt": "{display:{Name:\"{\\\"text\\\":\\\"Skull\\\"}\"},SkullOwner:{Id:[I;-967193132,-466204297,-1498950319,-1900097605],Properties:{textures:[{Value:\"eyJ0ZXh0dXJlcyI6eyJTS0lOIjp7InVybCI6Imh0dHA6Ly90ZXh0dXJlcy5taW5lY3JhZnQubmV0L3RleHR1cmUvMmYyNGVkNjg3NTMwNGZhNGExZjBjNzg1YjJjYjZhNmE3MjU2M2U5ZjNlMjRlYTU1ZTE4MTc4NDUyMTE5YWE2NiJ9fX0=\"}]}}}"
					}
				]
			}
    }
  }
}