{
  "parent": "minecraft:chest_loot/pillageroutpost",
  "display": {
    "icon": {
      "item": "minecraft:crossbow",
			"nbt": "{display:{Name:\"{\\\"text\\\":\\\"The Repeater\\\"}\", Lore:[\"Quick and Deadly\"]}, RepairCost:99, Enchantments:[{id:\"minecraft:quick_charge\", lvl:5s}]}"
    },
    "title": {
      "text": "The Repeater"
    },
    "description": {
      "text": "1 of 1 Unique Items"
    },
    "frame": "task",
    "show_toast": true,
    "announce_to_chat": false,
    "hidden": true
  },
  "criteria": {
    "mineshaft": {
      "trigger": "minecraft:inventory_changed",
      "conditions": {
				"items": [
					{
						"item": "minecraft:crossbow",
						"nbt": "{display:{Name:\"{\\\"text\\\":\\\"The Repeater\\\"}\", Lore:[\"Quick and Deadly\"]}, RepairCost:99, Enchantments:[{id:\"minecraft:quick_charge\", lvl:5s}]}"
					}
				]
			}
    }
  }
}