{
  "parent": "minecraft:chest_loot/dungeon",
  "display": {
    "icon": {
      "item": "minecraft:gray_banner",
			"nbt": "{display:{Name:\"{\\\"text\\\":\\\"Dungeon\\\"}\", Lore:[\"By Tetrajak\"]}, BlockEntityTag:{Patterns:[{Pattern:cbo,Color:13},{Pattern:bri,Color:8},{Pattern:mr,Color:15},{Pattern:flo,Color:15},{Pattern:sku,Color:0}]}}"
    },
    "title": {
      "text": "Dungeon by Tetrajak"
    },
    "description": {
      "text": "2 of 2 Banners"
    },
    "frame": "task",
    "show_toast": true,
    "announce_to_chat": false,
    "hidden": true
  },
  "criteria": {
    "mineshaft": {
      "trigger": "minecraft:inventory_changed",
      "conditions": {
				"items": [
					{
						"item": "minecraft:gray_banner",
						"nbt": "{display:{Name:\"{\\\"text\\\":\\\"Dungeon\\\"}\", Lore:[\"By Tetrajak\"]}, BlockEntityTag:{Patterns:[{Pattern:cbo,Color:13},{Pattern:bri,Color:8},{Pattern:mr,Color:15},{Pattern:flo,Color:15},{Pattern:sku,Color:0}]}}"
					}
				]
			}
    }
  }
}