{
  "parent": "minecraft:chest_loot/dungeon",
  "display": {
    "icon": {
      "item": "minecraft:white_banner",
			"nbt": "{display:{Name:\"{\\\"text\\\":\\\"Skeleton\\\"}\", Lore:[\"By Tetrajak\"]}, BlockEntityTag:{Patterns:[{Pattern:bs,Color:7},{Pattern:cs,Color:0},{Pattern:hh,Color:7},{Pattern:sku,Color:0},{Pattern:bo,Color:7}]}}"
    },
    "title": {
      "text": "Skeleton by Tetrajak"
    },
    "description": {
      "text": "1 of 2 Banners"
    },
    "frame": "task",
    "show_toast": true,
    "announce_to_chat": false,
    "hidden": true
  },
  "criteria": {
    "mineshaft": {
      "trigger": "minecraft:inventory_changed",
      "conditions": {
				"items": [
					{
						"item": "minecraft:white_banner",
						"nbt": "{display:{Name:\"{\\\"text\\\":\\\"Skeleton\\\"}\", Lore:[\"By Tetrajak\"]}, BlockEntityTag:{Patterns:[{Pattern:bs,Color:7},{Pattern:cs,Color:0},{Pattern:hh,Color:7},{Pattern:sku,Color:0},{Pattern:bo,Color:7}]}}"
					}
				]
			}
    }
  }
}