{
  "parent": "minecraft:chest_loot/dungeon",
  "display": {
    "icon": {
      "item": "minecraft:player_head",
			"nbt": "{display:{Name:\"{\\\"text\\\":\\\"Chest\\\"}\"},SkullOwner:{Id:[I;2026944583,1127695676,-1287604424,-477021773],Properties:{textures:[{Value:\"eyJ0ZXh0dXJlcyI6eyJTS0lOIjp7InVybCI6Imh0dHA6Ly90ZXh0dXJlcy5taW5lY3JhZnQubmV0L3RleHR1cmUvNjA4MjczZGE0MzI2ZDNhNWRjM2E5OTk4MzljYzk5NzdjZmE5ZWFiZmQ1OWY3NTNiZTUyYzAzZGNlNTk2OSJ9fX0=\"}]}}}"
    },
    "title": {
      "text": "Chest"
    },
    "description": {
      "text": "1 of 3 Player Heads"
    },
    "frame": "task",
    "show_toast": true,
    "announce_to_chat": false,
    "hidden": true
  },
  "criteria": {
    "mineshaft": {
      "trigger": "minecraft:inventory_changed",
      "conditions": {
				"items": [
					{
						"item": "minecraft:player_head",
						"nbt": "{display:{Name:\"{\\\"text\\\":\\\"Chest\\\"}\"},SkullOwner:{Id:[I;2026944583,1127695676,-1287604424,-477021773],Properties:{textures:[{Value:\"eyJ0ZXh0dXJlcyI6eyJTS0lOIjp7InVybCI6Imh0dHA6Ly90ZXh0dXJlcy5taW5lY3JhZnQubmV0L3RleHR1cmUvNjA4MjczZGE0MzI2ZDNhNWRjM2E5OTk4MzljYzk5NzdjZmE5ZWFiZmQ1OWY3NTNiZTUyYzAzZGNlNTk2OSJ9fX0=\"}]}}}"
					}
				]
			}
    }
  }
}