{
  "parent": "minecraft:chest_loot/dungeon",
  "display": {
    "icon": {
      "item": "minecraft:player_head",
			"nbt": "{display:{Name:\"{\\\"text\\\":\\\"Broken Spawner\\\"}\"},SkullOwner:{Id:[I;-770992851,1842824507,-1922608139,-974962708],Properties:{textures:[{Value:\"eyJ0ZXh0dXJlcyI6eyJTS0lOIjp7InVybCI6Imh0dHA6Ly90ZXh0dXJlcy5taW5lY3JhZnQubmV0L3RleHR1cmUvOWY0NTVkMTEzNTVkZThlM2E2Y2Q2ZmU5NzBiYWQ1MWM1OTJhYTZhNTcxNzMwOTI1NWZiMWI5ZTQ3YTRlIn19fQ==\"}]}}}"
    },
    "title": {
      "text": "Broken Spawner"
    },
    "description": {
      "text": "3 of 3 Player Heads"
    },
    "frame": "task",
    "show_toast": true,
    "announce_to_chat": false,
    "hidden": true
  },
  "criteria": {
    "mineshaft": {
      "trigger": "minecraft:inventory_changed",
      "conditions": {
				"items": [
					{
						"item": "minecraft:player_head",
						"nbt": "{display:{Name:\"{\\\"text\\\":\\\"Broken Spawner\\\"}\"},SkullOwner:{Id:[I;-770992851,1842824507,-1922608139,-974962708],Properties:{textures:[{Value:\"eyJ0ZXh0dXJlcyI6eyJTS0lOIjp7InVybCI6Imh0dHA6Ly90ZXh0dXJlcy5taW5lY3JhZnQubmV0L3RleHR1cmUvOWY0NTVkMTEzNTVkZThlM2E2Y2Q2ZmU5NzBiYWQ1MWM1OTJhYTZhNTcxNzMwOTI1NWZiMWI5ZTQ3YTRlIn19fQ==\"}]}}}"
					}
				]
			}
    }
  }
}