{
  "parent": "minecraft:chest_loot/dungeon",
  "display": {
    "icon": {
      "item": "minecraft:player_head",
			"nbt": "{display:{Name:\"{\\\"text\\\":\\\"Zombie Head in a Bottle\\\"}\"},SkullOwner:{Id:[I;-1989586471,1065176843,-1476717168,1641219256],Properties:{textures:[{Value:\"eyJ0ZXh0dXJlcyI6eyJTS0lOIjp7InVybCI6Imh0dHA6Ly90ZXh0dXJlcy5taW5lY3JhZnQubmV0L3RleHR1cmUvNTYxMjhlM2VjNDQwZDBjZmU1MjQxYTQyZjI3NjFmM2U1Yjg0NjZiOGY5MTM4YzRiZGQyYmQzN2E2Njg4MzY0NiJ9fX0=\"}]}}}"
    },
    "title": {
      "text": "Zombie Head in a Bottle"
    },
    "description": {
      "text": "2 of 3 Player Heads"
    },
    "frame": "task",
    "show_toast": true,
    "announce_to_chat": false,
    "hidden": true
  },
  "criteria": {
    "mineshaft": {
      "trigger": "minecraft:inventory_changed",
      "conditions": {
				"items": [
					{
						"item": "minecraft:player_head",
						"nbt": "{display:{Name:\"{\\\"text\\\":\\\"Zombie Head in a Bottle\\\"}\"},SkullOwner:{Id:[I;-1989586471,1065176843,-1476717168,1641219256],Properties:{textures:[{Value:\"eyJ0ZXh0dXJlcyI6eyJTS0lOIjp7InVybCI6Imh0dHA6Ly90ZXh0dXJlcy5taW5lY3JhZnQubmV0L3RleHR1cmUvNTYxMjhlM2VjNDQwZDBjZmU1MjQxYTQyZjI3NjFmM2U1Yjg0NjZiOGY5MTM4YzRiZGQyYmQzN2E2Njg4MzY0NiJ9fX0=\"}]}}}"
					}
				]
			}
    }
  }
}