{
    "display": {
        "icon": {
            "item": "minecraft:player_head",
			"nbt": "{SkullOwner:{Id:[I;-240018973,1989231733,-1136169642,683671637],Properties:{textures:[{Value:\"eyJ0ZXh0dXJlcyI6eyJTS0lOIjp7InVybCI6Imh0dHA6Ly90ZXh0dXJlcy5taW5lY3JhZnQubmV0L3RleHR1cmUvNTBjNDEwZmFkOGQ5ZDg4MjVhZDU2YjBlNDQzZTI3NzdhNmI0NmJmYTIwZGFjZDFkMmY1NWVkYzcxZmJlYjA2ZCJ9fX0=\"}]}}}"
        },
        "title": {"translate":"What's Up, Doc?"},
        "description": {"translate":"Turn a mob upside-down"}
    },
    "parent": "blazeandcave:adventure/i_just_want_to_make_toast",
	"rewards": {
		"function": "bc_rewards:adventure/whats_up_doc"
    },		
    "criteria": {
		"name_tag": {
			"trigger": "minecraft:player_interacted_with_entity",
			"conditions": {
				"item": {
					"item": "minecraft:name_tag",
					"nbt": "{display:{Name:\"{\\\"text\\\":\\\"Dinnerbone\\\"}\"}}"
				}
			}
		},
		"name_tag_grumm": {
			"trigger": "minecraft:player_interacted_with_entity",
			"conditions": {
				"item": {
					"item": "minecraft:name_tag",
					"nbt": "{display:{Name:\"{\\\"text\\\":\\\"Grumm\\\"}\"}}"
				}
			}
		}
    },
	"requirements": [
		[
			"name_tag",
			"name_tag_grumm"
		]
	]
}