{
  "type": "minecraft:chest",
  "pools": [
    {
      "rolls": {
        "min": 2.0,
        "max": 6.0,
        "type": "minecraft:uniform"
      },
      "entries": [
				{
					"type": "item",
					"name": "minecraft:player_head",
					"weight": 1,
					"functions": [
						{
							"function": "set_nbt",
							"tag": "{display:{Name:\"{\\\"text\\\":\\\"Fish (head)\\\"}\"},SkullOwner:{Id:[I;1038590003,-2118500244,-1536805190,-1776983943],Properties:{textures:[{Value:\"eyJ0ZXh0dXJlcyI6eyJTS0lOIjp7InVybCI6Imh0dHA6Ly90ZXh0dXJlcy5taW5lY3JhZnQubmV0L3RleHR1cmUvY2M2ZWEzOTQzNTgxOGNjMTBjOTg0ZjE5MzVkYzZhNTRkZjFlNTQ3ZWVkZTM3ODljZmFhZmQyMDNjOWZhNmQxMyJ9fX0=\"}]}}}"
						}
					]
				},
				{
					"type": "item",
					"name": "minecraft:player_head",
					"weight": 1,
					"functions": [
						{
							"function": "set_nbt",
							"tag": "{display:{Name:\"{\\\"text\\\":\\\"Fish (Tail)\\\"}\"},SkullOwner:{Id:[I;-1717619766,-217956242,-1798694691,-275044875],Properties:{textures:[{Value:\"eyJ0ZXh0dXJlcyI6eyJTS0lOIjp7InVybCI6Imh0dHA6Ly90ZXh0dXJlcy5taW5lY3JhZnQubmV0L3RleHR1cmUvOGQ3NTNkY2NjZDA3MTkzOTBhZGYxYTMyYWQzZGZiNGRmNzI3NTdiMzM5MjFkNTY2MmQwYmE2NmJhMzkyNWVlZiJ9fX0=\"}]}}}"
						}
					]
				},
				{
					"type": "item",
					"name": "minecraft:player_head",
					"weight": 1,
					"functions": [
						{
							"function": "set_nbt",
							"tag": "{display:{Name:\"{\\\"text\\\":\\\"Fish (body)\\\"}\"},SkullOwner:{Id:[I;1121712042,1784956163,-1709095258,309668126],Properties:{textures:[{Value:\"eyJ0ZXh0dXJlcyI6eyJTS0lOIjp7InVybCI6Imh0dHA6Ly90ZXh0dXJlcy5taW5lY3JhZnQubmV0L3RleHR1cmUvZmVkMjljMGI0ZjE3NWI2NDBhZmNhYjQ0NWJkMTI5YzhmYjhiYTdjNDY1MTJjYTU2M2YxMDExOTU5MzJhZDdmNCJ9fX0=\"}]}}}"
						}
					]
				},
				{
					"type": "item",
					"name": "minecraft:player_head",
					"weight": 1,
					"functions": [
						{
							"function": "set_nbt",
							"tag": "{display:{Name:\"{\\\"text\\\":\\\"Pufferfish in a Bottle\\\"}\"},SkullOwner:{Id:[I;179050314,-1693233975,-1733827507,-258087747],Properties:{textures:[{Value:\"eyJ0ZXh0dXJlcyI6eyJTS0lOIjp7InVybCI6Imh0dHA6Ly90ZXh0dXJlcy5taW5lY3JhZnQubmV0L3RleHR1cmUvNWEzMTZkNTg1Yjc4OWI1ODJmMmQ5OWU4ZTZjYjJkNzA0MzNlODk5NmZhYjAyNGE3NGJjNzkwZTIyYWVkY2RlYiJ9fX0=\"}]}}}"
						}
					]
				},
				{
					"type": "item",
					"name": "minecraft:black_banner",
					"weight": 1,
					"functions": [
						{
							"function": "set_nbt",
							"tag": "{display:{Name:\"{\\\"text\\\":\\\"Guardian\\\"}\", Lore:[\"By Tetrajak\"]}, BlockEntityTag:{Patterns:[{Pattern:sc,Color:1},{Pattern:gru,Color:15},{Pattern:cr,Color:1},{Pattern:cbo,Color:15},{Pattern:flo,Color:9}]}}"
						}
					]
				},
				{
					"type": "item",
					"name": "minecraft:white_banner",
					"weight": 1,
					"functions": [
						{
							"function": "set_nbt",
							"tag": "{display:{Name:\"{\\\"text\\\":\\\"Guardian Face\\\"}\", Lore:[\"By Tetrajak\"]}, BlockEntityTag:{Patterns:[{Pattern:mc,Color:14},{Pattern:bs,Color:9},{Pattern:bo,Color:9},{Pattern:hh,Color:7},{Pattern:ts,Color:9},{Pattern:tts,Color:1},{Pattern:bts,Color:1}]}}"
						}
					]
				},
				{
					"type": "item",
					"name": "minecraft:experience_bottle",
					"weight": 2,
					"functions": [
						{
							"function": "set_count",
							"count": {
								"min": 4,
								"max": 12
							}
						}
					]
				},
        {
          "type": "minecraft:item",
          "name": "minecraft:emerald"
        },
        {
          "type": "minecraft:item",
          "weight": 2,
          "functions": [
            {
              "function": "minecraft:set_count",
              "count": {
                "min": 1.0,
                "max": 3.0,
                "type": "minecraft:uniform"
              }
            }
          ],
          "name": "minecraft:cod"
        },
        {
          "type": "minecraft:item",
          "functions": [
            {
              "function": "minecraft:set_count",
              "count": {
                "min": 1.0,
                "max": 3.0,
                "type": "minecraft:uniform"
              }
            }
          ],
          "name": "minecraft:salmon"
        },
        {
          "type": "minecraft:item",
          "functions": [
            {
              "function": "minecraft:set_count",
              "count": {
                "min": 1.0,
                "max": 3.0,
                "type": "minecraft:uniform"
              }
            }
          ],
          "name": "minecraft:water_bucket"
        },
        {
          "type": "minecraft:item",
          "functions": [
            {
              "function": "minecraft:set_count",
              "count": {
                "min": 1.0,
                "max": 3.0,
                "type": "minecraft:uniform"
              }
            }
          ],
          "name": "minecraft:barrel"
        },
        {
          "type": "minecraft:item",
          "weight": 3,
          "functions": [
            {
              "function": "minecraft:set_count",
              "count": {
                "min": 1.0,
                "max": 3.0,
                "type": "minecraft:uniform"
              }
            }
          ],
          "name": "minecraft:wheat_seeds"
        },
        {
          "type": "minecraft:item",
          "weight": 2,
          "functions": [
            {
              "function": "minecraft:set_count",
              "count": {
                "min": 1.0,
                "max": 3.0,
                "type": "minecraft:uniform"
              }
            }
          ],
          "name": "minecraft:coal"
        }
      ]
    }
  ]
}