{
  "type": "minecraft:chest",
  "pools": [
    {
      "rolls": {
        "min": 1.0,
        "max": 5.0,
        "type": "minecraft:uniform"
      },
      "entries": [
				{
					"type": "item",
					"name": "minecraft:player_head",
					"weight": 1,
					"functions": [
						{
							"function": "set_nbt",
							"tag": "{display:{Name:\"{\\\"text\\\":\\\"Target\\\"}\"},SkullOwner:{Id:[I;-1617600948,-1877063377,-1682010996,-140842902],Properties:{textures:[{Value:\"eyJ0ZXh0dXJlcyI6eyJTS0lOIjp7InVybCI6Imh0dHA6Ly90ZXh0dXJlcy5taW5lY3JhZnQubmV0L3RleHR1cmUvNWQ4ZTFlYmM4M2YwZjU2NjI4MjFiYzY2MDA5ODFlMTdmM2NlMjZiMjU3NGVkZjY3ZGUyMjhjNzQ5NDgxZjIzMCJ9fX0=\"}]}}}"
						}
					]
				},
				{
					"type": "item",
					"name": "minecraft:brown_banner",
					"weight": 1,
					"functions": [
						{
							"function": "set_nbt",
							"tag": "{display:{Name:\"{\\\"text\\\":\\\"Arrow\\\"}\", Lore:[\"By Fode0100\"]}, BlockEntityTag:{Patterns:[{Pattern:ss,Color:15},{Pattern:ts,Color:8},{Pattern:cbo,Color:15},{Pattern:bts,Color:0},{Pattern:ls,Color:15},{Pattern:rs,Color:15}]}}"
						}
					]
				},
				{
					"type": "item",
					"name": "minecraft:experience_bottle",
					"weight": 2,
					"functions": [
						{
							"function": "set_count",
							"count": {
								"min": 4,
								"max": 12
							}
						}
					]
				},
        {
          "type": "minecraft:item",
          "name": "minecraft:bow",
					"functions": [
						{
							"function": "set_nbt",
							"tag": "{display:{Name:\"{\\\"text\\\":\\\"Punchy\\\"}\", Lore:[\"Packs a punch\"]}, RepairCost:99, Enchantments:[{lvl:7s, id:\"minecraft:punch\"}]}"
						}
					]
        },
        {
          "type": "minecraft:item",
          "name": "minecraft:emerald"
        },
        {
          "type": "minecraft:item",
          "weight": 2,
          "functions": [
            {
              "function": "minecraft:set_count",
              "count": {
                "min": 1.0,
                "max": 3.0,
                "type": "minecraft:uniform"
              }
            }
          ],
          "name": "minecraft:arrow"
        },
        {
          "type": "minecraft:item",
          "weight": 6,
          "functions": [
            {
              "function": "minecraft:set_count",
              "count": {
                "min": 1.0,
                "max": 3.0,
                "type": "minecraft:uniform"
              }
            }
          ],
          "name": "minecraft:feather"
        },
        {
          "type": "minecraft:item",
          "weight": 2,
          "functions": [
            {
              "function": "minecraft:set_count",
              "count": {
                "min": 1.0,
                "max": 3.0,
                "type": "minecraft:uniform"
              }
            }
          ],
          "name": "minecraft:egg"
        },
        {
          "type": "minecraft:item",
          "weight": 6,
          "functions": [
            {
              "function": "minecraft:set_count",
              "count": {
                "min": 1.0,
                "max": 3.0,
                "type": "minecraft:uniform"
              }
            }
          ],
          "name": "minecraft:flint"
        },
        {
          "type": "minecraft:item",
          "weight": 6,
          "functions": [
            {
              "function": "minecraft:set_count",
              "count": {
                "min": 1.0,
                "max": 3.0,
                "type": "minecraft:uniform"
              }
            }
          ],
          "name": "minecraft:stick"
        }
      ]
    }
  ]
}