{
  "parent": "minecraft:chest_loot/fortress",
  "display": {
    "icon": {
      "item": "minecraft:red_banner",
			"nbt": "{display:{Name:\"{\\\"text\\\":\\\"Death By Fire\\\"}\", Lore:[\"By Anonymous\"]}, BlockEntityTag:{Patterns:[{Pattern:mr,Color:15},{Pattern:bo,Color:15},{Pattern:cre,Color:15},{Pattern:ss,Color:15},{Pattern:bts,Color:1},{Pattern:hh,Color:15},{Pattern:sku,Color:0},{Pattern:sku,Color:15}]}}"
    },
    "title": {
      "text": "Death By Fire by Anonymous"
    },
    "description": {
      "text": "1 of 1 Banner"
    },
    "frame": "task",
    "show_toast": true,
    "announce_to_chat": false,
    "hidden": true
  },
  "criteria": {
    "mineshaft": {
      "trigger": "minecraft:inventory_changed",
      "conditions": {
				"items": [
					{
						"item": "minecraft:red_banner",
						"nbt": "{display:{Name:\"{\\\"text\\\":\\\"Death By Fire\\\"}\", Lore:[\"By Anonymous\"]}, BlockEntityTag:{Patterns:[{Pattern:mr,Color:15},{Pattern:bo,Color:15},{Pattern:cre,Color:15},{Pattern:ss,Color:15},{Pattern:bts,Color:1},{Pattern:hh,Color:15},{Pattern:sku,Color:0},{Pattern:sku,Color:15}]}}"
					}
				]
			}
    }
  }
}