{
  "parent": "minecraft:chest_loot/fortress",
  "display": {
    "icon": {
      "item": "minecraft:player_head",
			"nbt": "{display:{Name:\"{\\\"text\\\":\\\"Magma Cream\\\"}\"},SkullOwner:{Id:[I;934947891,-1953938810,-1172242575,1016210843],Properties:{textures:[{Value:\"eyJ0ZXh0dXJlcyI6eyJTS0lOIjp7InVybCI6Imh0dHA6Ly90ZXh0dXJlcy5taW5lY3JhZnQubmV0L3RleHR1cmUvNDMwOTNhNWI3NzY0MmQ0MDkyMTEyZjQ2ZWE2ODE0MGZiNWFlMDRiYmQyMzFjZGExMDY2YTA0YzE4Yjg5Yzk0ZSJ9fX0=\"}]}}}"
    },
    "title": {
      "text": "Magma Cream"
    },
    "description": {
      "text": "3 of 3 Player Heads"
    },
    "frame": "task",
    "show_toast": true,
    "announce_to_chat": false,
    "hidden": true
  },
  "criteria": {
    "mineshaft": {
      "trigger": "minecraft:inventory_changed",
      "conditions": {
				"items": [
					{
						"item": "minecraft:player_head",
						"nbt": "{display:{Name:\"{\\\"text\\\":\\\"Magma Cream\\\"}\"},SkullOwner:{Id:[I;934947891,-1953938810,-1172242575,1016210843],Properties:{textures:[{Value:\"eyJ0ZXh0dXJlcyI6eyJTS0lOIjp7InVybCI6Imh0dHA6Ly90ZXh0dXJlcy5taW5lY3JhZnQubmV0L3RleHR1cmUvNDMwOTNhNWI3NzY0MmQ0MDkyMTEyZjQ2ZWE2ODE0MGZiNWFlMDRiYmQyMzFjZGExMDY2YTA0YzE4Yjg5Yzk0ZSJ9fX0=\"}]}}}"
					}
				]
			}
    }
  }
}