{
  "parent": "minecraft:chest_loot/fortress",
  "display": {
    "icon": {
      "item": "minecraft:player_head",
			"nbt": "{display:{Name:\"{\\\"text\\\":\\\"Nether Wart\\\"}\"},SkullOwner:{Id:[I;-1337244671,562120200,-1508450293,2011608202],Properties:{textures:[{Value:\"eyJ0ZXh0dXJlcyI6eyJTS0lOIjp7InVybCI6Imh0dHA6Ly90ZXh0dXJlcy5taW5lY3JhZnQubmV0L3RleHR1cmUvMTExYTNjZWM3YWFmOTA0MjEyY2NmOTNiYjY3YTNjYWYzZDY0OTc4M2JhOTBiOGI2MGJiNjNjNzY4N2ViMzlmIn19fQ==\"}]}}}"
    },
    "title": {
      "text": "Golden Pig"
    },
    "description": {
      "text": "2 of 3 Player Heads"
    },
    "frame": "task",
    "show_toast": true,
    "announce_to_chat": false,
    "hidden": true
  },
  "criteria": {
    "mineshaft": {
      "trigger": "minecraft:inventory_changed",
      "conditions": {
				"items": [
					{
						"item": "minecraft:player_head",
						"nbt": "{display:{Name:\"{\\\"text\\\":\\\"Nether Wart\\\"}\"},SkullOwner:{Id:[I;-1337244671,562120200,-1508450293,2011608202],Properties:{textures:[{Value:\"eyJ0ZXh0dXJlcyI6eyJTS0lOIjp7InVybCI6Imh0dHA6Ly90ZXh0dXJlcy5taW5lY3JhZnQubmV0L3RleHR1cmUvMTExYTNjZWM3YWFmOTA0MjEyY2NmOTNiYjY3YTNjYWYzZDY0OTc4M2JhOTBiOGI2MGJiNjNjNzY4N2ViMzlmIn19fQ==\"}]}}}"
					}
				]
			}
    }
  }
}