{
  "parent": "minecraft:chest_loot/fortress",
  "display": {
    "icon": {
      "item": "minecraft:player_head",
			"nbt": "{display:{Name:\"{\\\"text\\\":\\\"Candle (black)\\\"}\"},SkullOwner:{Id:[I;618716322,464079142,-1384762982,1719819277],Properties:{textures:[{Value:\"eyJ0ZXh0dXJlcyI6eyJTS0lOIjp7InVybCI6Imh0dHA6Ly90ZXh0dXJlcy5taW5lY3JhZnQubmV0L3RleHR1cmUvZGFmYzRiMDQ1OTgzZTY4OTVjNWY0MDAyOGU5OTNkNTE2NzMyZTkzNmRlMTU4M2VjYmEzZjMyZmUxNWZjZjAzZiJ9fX0=\"}]}}}"
    },
    "title": {
      "text": "Candle (black)"
    },
    "description": {
      "text": "1 of 3 Player Heads"
    },
    "frame": "task",
    "show_toast": true,
    "announce_to_chat": false,
    "hidden": true
  },
  "criteria": {
    "mineshaft": {
      "trigger": "minecraft:inventory_changed",
      "conditions": {
				"items": [
					{
						"item": "minecraft:player_head",
						"nbt": "{display:{Name:\"{\\\"text\\\":\\\"Candle (black)\\\"}\"},SkullOwner:{Id:[I;618716322,464079142,-1384762982,1719819277],Properties:{textures:[{Value:\"eyJ0ZXh0dXJlcyI6eyJTS0lOIjp7InVybCI6Imh0dHA6Ly90ZXh0dXJlcy5taW5lY3JhZnQubmV0L3RleHR1cmUvZGFmYzRiMDQ1OTgzZTY4OTVjNWY0MDAyOGU5OTNkNTE2NzMyZTkzNmRlMTU4M2VjYmEzZjMyZmUxNWZjZjAzZiJ9fX0=\"}]}}}"
					}
				]
			}
    }
  }
}