{
  "parent": "minecraft:chest_loot/fortress",
  "display": {
    "icon": {
      "item": "minecraft:iron_leggings",
			"nbt": "{display:{Name:\"{\\\"text\\\":\\\"Pants of Truth\\\"}\", Lore:[\"Fire Protection VII\"]}, Enchantments:[{id:\"fire_protection\", lvl:7s}], RepairCost:99}"
    },
    "title": {
      "text": "Pants of Truth"
    },
    "description": {
      "text": "1 of 1 Unique Item"
    },
    "frame": "task",
    "show_toast": true,
    "announce_to_chat": false,
    "hidden": true
  },
  "criteria": {
    "mineshaft": {
      "trigger": "minecraft:inventory_changed",
      "conditions": {
				"items": [
					{
						"item": "minecraft:iron_leggings",
						"nbt": "{display:{Name:\"{\\\"text\\\":\\\"Pants of Truth\\\"}\", Lore:[\"Fire Protection VII\"]}, Enchantments:[{id:\"fire_protection\", lvl:7s}], RepairCost:99}"
					}
				]
			}
    }
  }
}