{
	"display": {
		"icon": {
			"item": "minecraft:oak_boat"
		},
		"title": "Kill Empty Boats",
		"description": ["",{"text":"Kills all boats that do not have players in them.\n","color":"gold"},{"text":"Enter","color":"green"},{"text":" ","color":"gold"},{"text":"/function kill_empty_boats:run","color":"yellow"},{"text":" to remove all loaded empty boats.","color":"gold"}],
		"show_toast": false,
		"announce_to_chat": false
	},
    "parent": "vanillatweaks:root",
	"criteria": {
		"tick": {
			"trigger": "minecraft:tick"
		}
	}
}
