{
  "parent": "minecraft:chest_loot/stronghold",
  "display": {
    "icon": {
      "item": "minecraft:red_banner",
			"nbt": "{display:{Name:\"{\\\"text\\\":\\\"Chinese Banner\\\"}\", Lore:[\"By xXchrispXx\"]}, BlockEntityTag:{Patterns:[{Pattern:bo,Color:4},{Pattern:ss,Color:4},{Pattern:bri,Color:14},{Pattern:cbo,Color:4},{Pattern:bo,Color:14},{Pattern:flo,Color:4}]}}"
    },
    "title": {
      "text": "Chinese Banner by xXchrispXx"
    },
    "description": {
      "text": "2 of 2 Banners"
    },
    "frame": "task",
    "show_toast": true,
    "announce_to_chat": false,
    "hidden": true
  },
  "criteria": {
    "mineshaft": {
      "trigger": "minecraft:inventory_changed",
      "conditions": {
				"items": [
					{
						"item": "minecraft:red_banner",
						"nbt": "{display:{Name:\"{\\\"text\\\":\\\"Chinese Banner\\\"}\", Lore:[\"By xXchrispXx\"]}, BlockEntityTag:{Patterns:[{Pattern:bo,Color:4},{Pattern:ss,Color:4},{Pattern:bri,Color:14},{Pattern:cbo,Color:4},{Pattern:bo,Color:14},{Pattern:flo,Color:4}]}}"
					}
				]
			}
    }
  }
}