{
  "parent": "minecraft:chest_loot/stronghold",
  "display": {
    "icon": {
      "item": "minecraft:white_banner",
			"nbt": "{display:{Name:\"{\\\"text\\\":\\\"Dragon\\\"}\", Lore:[\"By Anonymous\"]}, BlockEntityTag:{Patterns:[{Pattern:gru,Color:6},{Pattern:mr,Color:15},{Pattern:cr,Color:2},{Pattern:bo,Color:10},{Pattern:ms,Color:7},{Pattern:cbo,Color:15},{Pattern:sku,Color:15},{Pattern:cre,Color:7},{Pattern:cre,Color:15},{Pattern:bts,Color:15},{Pattern:flo,Color:15},{Pattern:tt,Color:15}]}}"
    },
    "title": {
      "text": "Dragon by Anonymous"
    },
    "description": {
      "text": "1 of 2 Banners"
    },
    "frame": "task",
    "show_toast": true,
    "announce_to_chat": false,
    "hidden": true
  },
  "criteria": {
    "mineshaft": {
      "trigger": "minecraft:inventory_changed",
      "conditions": {
				"items": [
					{
						"item": "minecraft:white_banner",
						"nbt": "{display:{Name:\"{\\\"text\\\":\\\"Dragon\\\"}\", Lore:[\"By Anonymous\"]}, BlockEntityTag:{Patterns:[{Pattern:gru,Color:6},{Pattern:mr,Color:15},{Pattern:cr,Color:2},{Pattern:bo,Color:10},{Pattern:ms,Color:7},{Pattern:cbo,Color:15},{Pattern:sku,Color:15},{Pattern:cre,Color:7},{Pattern:cre,Color:15},{Pattern:bts,Color:15},{Pattern:flo,Color:15},{Pattern:tt,Color:15}]}}"
					}
				]
			}
    }
  }
}