{
  "parent": "minecraft:chest_loot/stronghold",
  "display": {
    "icon": {
      "item": "minecraft:player_head",
			"nbt": "{display:{Name:\"{\\\"text\\\":\\\"Old Books\\\"}\"},SkullOwner:{Id:[I;315155853,1799702966,-1687980107,2066285123],Properties:{textures:[{Value:\"eyJ0ZXh0dXJlcyI6eyJTS0lOIjp7InVybCI6Imh0dHA6Ly90ZXh0dXJlcy5taW5lY3JhZnQubmV0L3RleHR1cmUvZTM0NGQ4M2U3YzZlY2U5MGQzNGM2ODVhOWEzMzg0ZjhlOGQwMTUxNjMzZmMyZWVhZTRkNGI2MzY4NjJkMzMifX19\"}]}}}"
    },
    "title": {
      "text": "Old Books"
    },
    "description": {
      "text": "4 of 12 Player Heads"
    },
    "frame": "task",
    "show_toast": true,
    "announce_to_chat": false,
    "hidden": true
  },
  "criteria": {
    "mineshaft": {
      "trigger": "minecraft:inventory_changed",
      "conditions": {
				"items": [
					{
						"item": "minecraft:player_head",
						"nbt": "{display:{Name:\"{\\\"text\\\":\\\"Old Books\\\"}\"},SkullOwner:{Id:[I;315155853,1799702966,-1687980107,2066285123],Properties:{textures:[{Value:\"eyJ0ZXh0dXJlcyI6eyJTS0lOIjp7InVybCI6Imh0dHA6Ly90ZXh0dXJlcy5taW5lY3JhZnQubmV0L3RleHR1cmUvZTM0NGQ4M2U3YzZlY2U5MGQzNGM2ODVhOWEzMzg0ZjhlOGQwMTUxNjMzZmMyZWVhZTRkNGI2MzY4NjJkMzMifX19\"}]}}}"
					}
				]
			}
    }
  }
}