{
  "parent": "minecraft:chest_loot/stronghold",
  "display": {
    "icon": {
      "item": "minecraft:player_head",
			"nbt": "{display:{Name:\"{\\\"text\\\":\\\"Books\\\"}\"},SkullOwner:{Id:[I;-531174439,846677972,-1703114785,-1412350253],Properties:{textures:[{Value:\"eyJ0ZXh0dXJlcyI6eyJTS0lOIjp7InVybCI6Imh0dHA6Ly90ZXh0dXJlcy5taW5lY3JhZnQubmV0L3RleHR1cmUvODJhZTE5MTA3MDg2ZGQzMTRkYWYzMWQ4NjYxOGU1MTk0OGE2ZTNlMjBkOTZkY2ExN2QyMWIyNWQ0MmQyYjI0In19fQ==\"}]}}}"
    },
    "title": {
      "text": "Books (3)"
    },
    "description": {
      "text": "7 of 12 Player Heads"
    },
    "frame": "task",
    "show_toast": true,
    "announce_to_chat": false,
    "hidden": true
  },
  "criteria": {
    "mineshaft": {
      "trigger": "minecraft:inventory_changed",
      "conditions": {
				"items": [
					{
						"item": "minecraft:player_head",
						"nbt": "{display:{Name:\"{\\\"text\\\":\\\"Books\\\"}\"},SkullOwner:{Id:[I;-531174439,846677972,-1703114785,-1412350253],Properties:{textures:[{Value:\"eyJ0ZXh0dXJlcyI6eyJTS0lOIjp7InVybCI6Imh0dHA6Ly90ZXh0dXJlcy5taW5lY3JhZnQubmV0L3RleHR1cmUvODJhZTE5MTA3MDg2ZGQzMTRkYWYzMWQ4NjYxOGU1MTk0OGE2ZTNlMjBkOTZkY2ExN2QyMWIyNWQ0MmQyYjI0In19fQ==\"}]}}}"
					}
				]
			}
    }
  }
}