{
  "parent": "minecraft:chest_loot/stronghold",
  "display": {
    "icon": {
      "item": "minecraft:player_head",
			"nbt": "{display:{Name:\"{\\\"text\\\":\\\"Rope\\\"}\"},SkullOwner:{Id:[I;632106493,827467763,1497883332,-1895484513],Properties:{textures:[{Value:\"eyJ0ZXh0dXJlcyI6eyJTS0lOIjp7InVybCI6Imh0dHA6Ly90ZXh0dXJlcy5taW5lY3JhZnQubmV0L3RleHR1cmUvMzFhNzk3M2YyNWNiYmIwNzhmNTk1YzA0MzQ5ZmM1NDFhYzFkZjlhNDRiOGMxYTE2YzUyODU4MWFhNDE3MCJ9fX0=\"}]}}}"
    },
    "title": {
      "text": "Rope"
    },
    "description": {
      "text": "12 of 12 Player Heads"
    },
    "frame": "task",
    "show_toast": true,
    "announce_to_chat": false,
    "hidden": true
  },
  "criteria": {
    "mineshaft": {
      "trigger": "minecraft:inventory_changed",
      "conditions": {
				"items": [
					{
						"item": "minecraft:player_head",
						"nbt": "{display:{Name:\"{\\\"text\\\":\\\"Rope\\\"}\"},SkullOwner:{Id:[I;632106493,827467763,1497883332,-1895484513],Properties:{textures:[{Value:\"eyJ0ZXh0dXJlcyI6eyJTS0lOIjp7InVybCI6Imh0dHA6Ly90ZXh0dXJlcy5taW5lY3JhZnQubmV0L3RleHR1cmUvMzFhNzk3M2YyNWNiYmIwNzhmNTk1YzA0MzQ5ZmM1NDFhYzFkZjlhNDRiOGMxYTE2YzUyODU4MWFhNDE3MCJ9fX0=\"}]}}}"
					}
				]
			}
    }
  }
}