{
  "parent": "minecraft:chest_loot/stronghold",
  "display": {
    "icon": {
      "item": "minecraft:player_head",
			"nbt": "{display:{Name:\"{\\\"text\\\":\\\"Beer Barrel\\\"}\"},SkullOwner:{Id:[I;679691285,-1353823811,-2083581681,1045079152],Properties:{textures:[{Value:\"eyJ0ZXh0dXJlcyI6eyJTS0lOIjp7InVybCI6Imh0dHA6Ly90ZXh0dXJlcy5taW5lY3JhZnQubmV0L3RleHR1cmUvZmZiOTg1OTYyZjQ2ZTA1NWY1M2Q4ZWUzNWIxMWI4YTYyZjM5N2RhZDlkYjlmZWFlZmY0ODI5NjMwZDlkOSJ9fX0=\"}]}}}"
    },
    "title": {
      "text": "Beer Barrel"
    },
    "description": {
      "text": "2 of 12 Player Heads"
    },
    "frame": "task",
    "show_toast": true,
    "announce_to_chat": false,
    "hidden": true
  },
  "criteria": {
    "mineshaft": {
      "trigger": "minecraft:inventory_changed",
      "conditions": {
				"items": [
					{
						"item": "minecraft:player_head",
						"nbt": "{display:{Name:\"{\\\"text\\\":\\\"Beer Barrel\\\"}\"},SkullOwner:{Id:[I;679691285,-1353823811,-2083581681,1045079152],Properties:{textures:[{Value:\"eyJ0ZXh0dXJlcyI6eyJTS0lOIjp7InVybCI6Imh0dHA6Ly90ZXh0dXJlcy5taW5lY3JhZnQubmV0L3RleHR1cmUvZmZiOTg1OTYyZjQ2ZTA1NWY1M2Q4ZWUzNWIxMWI4YTYyZjM5N2RhZDlkYjlmZWFlZmY0ODI5NjMwZDlkOSJ9fX0=\"}]}}}"
					}
				]
			}
    }
  }
}