{
  "parent": "minecraft:chest_loot/stronghold",
  "display": {
    "icon": {
      "item": "minecraft:player_head",
			"nbt": "{display:{Name:\"{\\\"text\\\":\\\"Pile of Logs\\\"}\"},SkullOwner:{Id:[I;1298523387,35341409,-1348923827,632428596],Properties:{textures:[{Value:\"eyJ0ZXh0dXJlcyI6eyJTS0lOIjp7InVybCI6Imh0dHA6Ly90ZXh0dXJlcy5taW5lY3JhZnQubmV0L3RleHR1cmUvY2FkNTdkMWY2MDQ3OGFmNmFlMWI2YjFjMjhjZWU1MzRkNWRiYjhjOGNhYjg3OTYzZTljMmVmMGM2YWM1OCJ9fX0=\"}]}}}"
    },
    "title": {
      "text": "Pile of Logs"
    },
    "description": {
      "text": "10 of 12 Player Heads"
    },
    "frame": "task",
    "show_toast": true,
    "announce_to_chat": false,
    "hidden": true
  },
  "criteria": {
    "mineshaft": {
      "trigger": "minecraft:inventory_changed",
      "conditions": {
				"items": [
					{
						"item": "minecraft:player_head",
						"nbt": "{display:{Name:\"{\\\"text\\\":\\\"Pile of Logs\\\"}\"},SkullOwner:{Id:[I;1298523387,35341409,-1348923827,632428596],Properties:{textures:[{Value:\"eyJ0ZXh0dXJlcyI6eyJTS0lOIjp7InVybCI6Imh0dHA6Ly90ZXh0dXJlcy5taW5lY3JhZnQubmV0L3RleHR1cmUvY2FkNTdkMWY2MDQ3OGFmNmFlMWI2YjFjMjhjZWU1MzRkNWRiYjhjOGNhYjg3OTYzZTljMmVmMGM2YWM1OCJ9fX0=\"}]}}}"
					}
				]
			}
    }
  }
}