{
  "parent": "minecraft:chest_loot/stronghold",
  "display": {
    "icon": {
      "item": "minecraft:player_head",
			"nbt": "{display:{Name:\"{\\\"text\\\":\\\"Books\\\"}\"},SkullOwner:{Id:[I;743924009,-670023481,-1462334552,1436603543],Properties:{textures:[{Value:\"eyJ0ZXh0dXJlcyI6eyJTS0lOIjp7InVybCI6Imh0dHA6Ly90ZXh0dXJlcy5taW5lY3JhZnQubmV0L3RleHR1cmUvZWVlOGQ2ZjVjYjdhMzVhNGRkYmRhNDZmMDQ3ODkxNWRkOWViYmNlZjkyNGViOGNhMjg4ZTkxZDE5YzhjYiJ9fX0=\"}]}}}"
    },
    "title": {
      "text": "Books (1)"
    },
    "description": {
      "text": "5 of 12 Player Heads"
    },
    "frame": "task",
    "show_toast": true,
    "announce_to_chat": false,
    "hidden": true
  },
  "criteria": {
    "mineshaft": {
      "trigger": "minecraft:inventory_changed",
      "conditions": {
				"items": [
					{
						"item": "minecraft:player_head",
						"nbt": "{display:{Name:\"{\\\"text\\\":\\\"Books\\\"}\"},SkullOwner:{Id:[I;743924009,-670023481,-1462334552,1436603543],Properties:{textures:[{Value:\"eyJ0ZXh0dXJlcyI6eyJTS0lOIjp7InVybCI6Imh0dHA6Ly90ZXh0dXJlcy5taW5lY3JhZnQubmV0L3RleHR1cmUvZWVlOGQ2ZjVjYjdhMzVhNGRkYmRhNDZmMDQ3ODkxNWRkOWViYmNlZjkyNGViOGNhMjg4ZTkxZDE5YzhjYiJ9fX0=\"}]}}}"
					}
				]
			}
    }
  }
}