{
  "parent": "minecraft:chest_loot/stronghold",
  "display": {
    "icon": {
      "item": "minecraft:player_head",
			"nbt": "{display:{Name:\"{\\\"text\\\":\\\"Endportal Frame\\\"}\"},SkullOwner:{Id:[I;1731735608,-1694282311,-1475170688,1720316741],Properties:{textures:[{Value:\"eyJ0ZXh0dXJlcyI6eyJTS0lOIjp7InVybCI6Imh0dHA6Ly90ZXh0dXJlcy5taW5lY3JhZnQubmV0L3RleHR1cmUvZjQ2ODRlM2U3ODkwY2FmN2QxMzc2MmVhMTllYjE0YzU5NDBiODhmZDdmMDc3ZDgxZTZlZmZiNGY2ZGYxNmMyNiJ9fX0=\"}]}}}"
    },
    "title": {
      "text": "Endportal Frame"
    },
    "description": {
      "text": "1 of 12 Player Heads"
    },
    "frame": "task",
    "show_toast": true,
    "announce_to_chat": false,
    "hidden": true
  },
  "criteria": {
    "mineshaft": {
      "trigger": "minecraft:inventory_changed",
      "conditions": {
				"items": [
					{
						"item": "minecraft:player_head",
						"nbt": "{display:{Name:\"{\\\"text\\\":\\\"Endportal Frame\\\"}\"},SkullOwner:{Id:[I;1731735608,-1694282311,-1475170688,1720316741],Properties:{textures:[{Value:\"eyJ0ZXh0dXJlcyI6eyJTS0lOIjp7InVybCI6Imh0dHA6Ly90ZXh0dXJlcy5taW5lY3JhZnQubmV0L3RleHR1cmUvZjQ2ODRlM2U3ODkwY2FmN2QxMzc2MmVhMTllYjE0YzU5NDBiODhmZDdmMDc3ZDgxZTZlZmZiNGY2ZGYxNmMyNiJ9fX0=\"}]}}}"
					}
				]
			}
    }
  }
}