{
  "parent": "minecraft:chest_loot/stronghold",
  "display": {
    "icon": {
      "item": "minecraft:player_head",
			"nbt": "{display:{Name:\"{\\\"text\\\":\\\"Hay Bale\\\"}\"},SkullOwner:{Id:[I;377992018,-729264445,-1317804499,-554713638],Properties:{textures:[{Value:\"eyJ0ZXh0dXJlcyI6eyJTS0lOIjp7InVybCI6Imh0dHA6Ly90ZXh0dXJlcy5taW5lY3JhZnQubmV0L3RleHR1cmUvYWVhMjMxNjhjNmM5NDk5ZDI2ZDM0MTZlNzVjNDFiNTZkNjY5YTcyMGQ1ZWViYTdlNTJhYjJiNDViMjRhOCJ9fX0=\"}]}}}"
    },
    "title": {
      "text": "Hay Bale"
    },
    "description": {
      "text": "3 of 12 Player Heads"
    },
    "frame": "task",
    "show_toast": true,
    "announce_to_chat": false,
    "hidden": true
  },
  "criteria": {
    "mineshaft": {
      "trigger": "minecraft:inventory_changed",
      "conditions": {
				"items": [
					{
						"item": "minecraft:player_head",
						"nbt": "{display:{Name:\"{\\\"text\\\":\\\"Hay Bale\\\"}\"},SkullOwner:{Id:[I;377992018,-729264445,-1317804499,-554713638],Properties:{textures:[{Value:\"eyJ0ZXh0dXJlcyI6eyJTS0lOIjp7InVybCI6Imh0dHA6Ly90ZXh0dXJlcy5taW5lY3JhZnQubmV0L3RleHR1cmUvYWVhMjMxNjhjNmM5NDk5ZDI2ZDM0MTZlNzVjNDFiNTZkNjY5YTcyMGQ1ZWViYTdlNTJhYjJiNDViMjRhOCJ9fX0=\"}]}}}"
					}
				]
			}
    }
  }
}