{
  "parent": "minecraft:chest_loot/stronghold",
  "display": {
    "icon": {
      "item": "minecraft:player_head",
			"nbt": "{display:{Name:\"{\\\"text\\\":\\\"Books\\\"}\"},SkullOwner:{Id:[I;-650127590,-1795536997,-1920037893,1612353010],Properties:{textures:[{Value:\"eyJ0ZXh0dXJlcyI6eyJTS0lOIjp7InVybCI6Imh0dHA6Ly90ZXh0dXJlcy5taW5lY3JhZnQubmV0L3RleHR1cmUvZjQ5MzkzNjU0NGNhMjkxYjlmYzc5Mjg2NjNhZTI3NjNlMTgzNTc1NmFhMWIzOTUyZjk2NWQ1MjVjMzkzN2I1ZCJ9fX0=\"}]}}}"
    },
    "title": {
      "text": "Books (2)"
    },
    "description": {
      "text": "6 of 12 Player Heads"
    },
    "frame": "task",
    "show_toast": true,
    "announce_to_chat": false,
    "hidden": true
  },
  "criteria": {
    "mineshaft": {
      "trigger": "minecraft:inventory_changed",
      "conditions": {
				"items": [
					{
						"item": "minecraft:player_head",
						"nbt": "{display:{Name:\"{\\\"text\\\":\\\"Books\\\"}\"},SkullOwner:{Id:[I;-650127590,-1795536997,-1920037893,1612353010],Properties:{textures:[{Value:\"eyJ0ZXh0dXJlcyI6eyJTS0lOIjp7InVybCI6Imh0dHA6Ly90ZXh0dXJlcy5taW5lY3JhZnQubmV0L3RleHR1cmUvZjQ5MzkzNjU0NGNhMjkxYjlmYzc5Mjg2NjNhZTI3NjNlMTgzNTc1NmFhMWIzOTUyZjk2NWQ1MjVjMzkzN2I1ZCJ9fX0=\"}]}}}"
					}
				]
			}
    }
  }
}