{
  "parent": "minecraft:chest_loot/stronghold",
  "display": {
    "icon": {
      "item": "minecraft:player_head",
			"nbt": "{display:{Name:\"{\\\"text\\\":\\\"Enchanted Book\\\"}\"},SkullOwner:{Id:[I;-1098554353,-1427026411,-1331531378,698126497],Properties:{textures:[{Value:\"eyJ0ZXh0dXJlcyI6eyJTS0lOIjp7InVybCI6Imh0dHA6Ly90ZXh0dXJlcy5taW5lY3JhZnQubmV0L3RleHR1cmUvMzJlYTg1Yzg1ZmUwNDg0YWY2YzgxNWVmYjY1NWQyYjIxZTEwOTg2M2M5NjMzM2I5MjgwYjU5YjgwZDZhYzk4ZiJ9fX0=\"}]}}}"
    },
    "title": {
      "text": "Enchanted Book"
    },
    "description": {
      "text": "8 of 12 Player Heads"
    },
    "frame": "task",
    "show_toast": true,
    "announce_to_chat": false,
    "hidden": true
  },
  "criteria": {
    "mineshaft": {
      "trigger": "minecraft:inventory_changed",
      "conditions": {
				"items": [
					{
						"item": "minecraft:player_head",
						"nbt": "{display:{Name:\"{\\\"text\\\":\\\"Enchanted Book\\\"}\"},SkullOwner:{Id:[I;-1098554353,-1427026411,-1331531378,698126497],Properties:{textures:[{Value:\"eyJ0ZXh0dXJlcyI6eyJTS0lOIjp7InVybCI6Imh0dHA6Ly90ZXh0dXJlcy5taW5lY3JhZnQubmV0L3RleHR1cmUvMzJlYTg1Yzg1ZmUwNDg0YWY2YzgxNWVmYjY1NWQyYjIxZTEwOTg2M2M5NjMzM2I5MjgwYjU5YjgwZDZhYzk4ZiJ9fX0=\"}]}}}"
					}
				]
			}
    }
  }
}