{
  "parent": "minecraft:chest_loot/stronghold",
  "display": {
    "icon": {
      "item": "minecraft:player_head",
			"nbt": "{display:{Name:\"{\\\"text\\\":\\\"Bag\\\"}\"},SkullOwner:{Id:[I;-280318807,371483529,351431569,1700428985],Properties:{textures:[{Value:\"eyJ0ZXh0dXJlcyI6eyJTS0lOIjp7InVybCI6Imh0dHA6Ly90ZXh0dXJlcy5taW5lY3JhZnQubmV0L3RleHR1cmUvNGNiM2FjZGMxMWNhNzQ3YmY3MTBlNTlmNGM4ZTliM2Q5NDlmZGQzNjRjNjg2OTgzMWNhODc4ZjA3NjNkMTc4NyJ9fX0=\"}]}}}"
    },
    "title": {
      "text": "Bag"
    },
    "description": {
      "text": "11 of 12 Player Heads"
    },
    "frame": "task",
    "show_toast": true,
    "announce_to_chat": false,
    "hidden": true
  },
  "criteria": {
    "mineshaft": {
      "trigger": "minecraft:inventory_changed",
      "conditions": {
				"items": [
					{
						"item": "minecraft:player_head",
						"nbt": "{display:{Name:\"{\\\"text\\\":\\\"Bag\\\"}\"},SkullOwner:{Id:[I;-280318807,371483529,351431569,1700428985],Properties:{textures:[{Value:\"eyJ0ZXh0dXJlcyI6eyJTS0lOIjp7InVybCI6Imh0dHA6Ly90ZXh0dXJlcy5taW5lY3JhZnQubmV0L3RleHR1cmUvNGNiM2FjZGMxMWNhNzQ3YmY3MTBlNTlmNGM4ZTliM2Q5NDlmZGQzNjRjNjg2OTgzMWNhODc4ZjA3NjNkMTc4NyJ9fX0=\"}]}}}"
					}
				]
			}
    }
  }
}