{
  "parent": "minecraft:chest_loot/stronghold",
  "display": {
    "icon": {
      "item": "minecraft:player_head",
			"nbt": "{display:{Name:\"{\\\"text\\\":\\\"Old Manuscript\\\"}\"},SkullOwner:{Id:[I;-2104323468,1488210549,-1912584460,-508918279],Properties:{textures:[{Value:\"eyJ0ZXh0dXJlcyI6eyJTS0lOIjp7InVybCI6Imh0dHA6Ly90ZXh0dXJlcy5taW5lY3JhZnQubmV0L3RleHR1cmUvOTdhNTMwZjVjNTc0MmJmMTllMTc1YTRkNzhhZDQzNWFjMGY0Mzk2ZDNiNTQ2NGJkNjE4MmFiMzgyYWNhNDE3ZCJ9fX0=\"}]}}}"
    },
    "title": {
      "text": "Old Manuscript"
    },
    "description": {
      "text": "9 of 12 Player Heads"
    },
    "frame": "task",
    "show_toast": true,
    "announce_to_chat": false,
    "hidden": true
  },
  "criteria": {
    "mineshaft": {
      "trigger": "minecraft:inventory_changed",
      "conditions": {
				"items": [
					{
						"item": "minecraft:player_head",
						"nbt": "{display:{Name:\"{\\\"text\\\":\\\"Old Manuscript\\\"}\"},SkullOwner:{Id:[I;-2104323468,1488210549,-1912584460,-508918279],Properties:{textures:[{Value:\"eyJ0ZXh0dXJlcyI6eyJTS0lOIjp7InVybCI6Imh0dHA6Ly90ZXh0dXJlcy5taW5lY3JhZnQubmV0L3RleHR1cmUvOTdhNTMwZjVjNTc0MmJmMTllMTc1YTRkNzhhZDQzNWFjMGY0Mzk2ZDNiNTQ2NGJkNjE4MmFiMzgyYWNhNDE3ZCJ9fX0=\"}]}}}"
					}
				]
			}
    }
  }
}