{
  "parent": "minecraft:chest_loot/desert_pyramid",
  "display": {
    "icon": {
      "item": "minecraft:blue_banner",
			"nbt": "{display:{Name:\"{\\\"text\\\":\\\"Ankh\\\"}\", Lore:[\"By CplCanuck\"]}, BlockEntityTag:{Patterns:[{Pattern:flo,Color:4},{Pattern:sc,Color:4},{Pattern:ts,Color:11},{Pattern:sku,Color:4},{Pattern:mc,Color:11},{Pattern:bo,Color:11}]}}"
    },
    "title": {
      "text": "Ankh by CplCanuck"
    },
    "description": {
      "text": "1 of 1 Banner"
    },
    "frame": "task",
    "show_toast": true,
    "announce_to_chat": false,
    "hidden": true
  },
  "criteria": {
    "mineshaft": {
      "trigger": "minecraft:inventory_changed",
      "conditions": {
				"items": [
					{
						"item": "minecraft:blue_banner",
						"nbt": "{display:{Name:\"{\\\"text\\\":\\\"Ankh\\\"}\", Lore:[\"By CplCanuck\"]}, BlockEntityTag:{Patterns:[{Pattern:flo,Color:4},{Pattern:sc,Color:4},{Pattern:ts,Color:11},{Pattern:sku,Color:4},{Pattern:mc,Color:11},{Pattern:bo,Color:11}]}}"
					}
				]
			}
    }
  }
}