{
  "parent": "minecraft:chest_loot/desert_pyramid",
  "display": {
    "icon": {
      "item": "minecraft:chainmail_leggings",
			"nbt": "{display:{Name:\"{\\\"text\\\":\\\"Cactus Leggings\\\"}\", Lore:[\"Thorns XV\"]}, Enchantments:[{id:\"thorns\", lvl:15s}], RepairCost:99}"
    },
    "title": {
      "text": "Cactus Leggings"
    },
    "description": {
      "text": "1 of 1 Unique Item"
    },
    "frame": "task",
    "show_toast": true,
    "announce_to_chat": false,
    "hidden": true
  },
  "criteria": {
    "mineshaft": {
      "trigger": "minecraft:inventory_changed",
      "conditions": {
				"items": [
					{
						"item": "minecraft:chainmail_leggings",
						"nbt": "{display:{Name:\"{\\\"text\\\":\\\"Cactus Leggings\\\"}\", Lore:[\"Thorns XV\"]}, Enchantments:[{id:\"thorns\", lvl:15s}], RepairCost:99}"
					}
				]
			}
    }
  }
}