{
  "parent": "minecraft:chest_loot/desert_pyramid",
  "display": {
    "icon": {
      "item": "minecraft:player_head",
			"nbt": "{display:{Name:\"{\\\"text\\\":\\\"Urn With Inscription\\\"}\"},SkullOwner:{Id:[I;1059540138,-1717616377,-1368524868,-167307783],Properties:{textures:[{Value:\"eyJ0ZXh0dXJlcyI6eyJTS0lOIjp7InVybCI6Imh0dHA6Ly90ZXh0dXJlcy5taW5lY3JhZnQubmV0L3RleHR1cmUvYzJjNzg4MzQ1MjY4YjdiYzM0NmU4ZDJiZWIyZmUyYTk5YzQ5ZTA2ODlhMzNjNzI0NGYwNzEzYmQyOSJ9fX0=\"}]}}}"
    },
    "title": {
      "text": "Urn with Inscription"
    },
    "description": {
      "text": "3 of 5 Player Heads"
    },
    "frame": "task",
    "show_toast": true,
    "announce_to_chat": false,
    "hidden": true
  },
  "criteria": {
    "mineshaft": {
      "trigger": "minecraft:inventory_changed",
      "conditions": {
				"items": [
					{
						"item": "minecraft:player_head",
						"nbt": "{display:{Name:\"{\\\"text\\\":\\\"Urn With Inscription\\\"}\"},SkullOwner:{Id:[I;1059540138,-1717616377,-1368524868,-167307783],Properties:{textures:[{Value:\"eyJ0ZXh0dXJlcyI6eyJTS0lOIjp7InVybCI6Imh0dHA6Ly90ZXh0dXJlcy5taW5lY3JhZnQubmV0L3RleHR1cmUvYzJjNzg4MzQ1MjY4YjdiYzM0NmU4ZDJiZWIyZmUyYTk5YzQ5ZTA2ODlhMzNjNzI0NGYwNzEzYmQyOSJ9fX0=\"}]}}}"
					}
				]
			}
    }
  }
}