{
  "parent": "minecraft:chest_loot/desert_pyramid",
  "display": {
    "icon": {
      "item": "minecraft:player_head",
			"nbt": "{display:{Name:\"{\\\"text\\\":\\\"Organ in a Bottle\\\"}\"},SkullOwner:{Id:[I;41213480,826101342,-1295841538,1915000144],Properties:{textures:[{Value:\"eyJ0ZXh0dXJlcyI6eyJTS0lOIjp7InVybCI6Imh0dHA6Ly90ZXh0dXJlcy5taW5lY3JhZnQubmV0L3RleHR1cmUvN2RmZmQ5NWM4ZmNkYmFlZDllOWU5YmU0N2VhMWE0MWVlMTIyOWQ4OWI1YzZkNDJhMWY3YjJmN2YxMWJkMTEyMiJ9fX0=\"}]}}}"
    },
    "title": {
      "text": "Organ in a Bottle (2)"
    },
    "description": {
      "text": "5 of 5 Player Heads"
    },
    "frame": "task",
    "show_toast": true,
    "announce_to_chat": false,
    "hidden": true
  },
  "criteria": {
    "mineshaft": {
      "trigger": "minecraft:inventory_changed",
      "conditions": {
				"items": [
					{
						"item": "minecraft:player_head",
						"nbt": "{display:{Name:\"{\\\"text\\\":\\\"Organ in a Bottle\\\"}\"},SkullOwner:{Id:[I;41213480,826101342,-1295841538,1915000144],Properties:{textures:[{Value:\"eyJ0ZXh0dXJlcyI6eyJTS0lOIjp7InVybCI6Imh0dHA6Ly90ZXh0dXJlcy5taW5lY3JhZnQubmV0L3RleHR1cmUvN2RmZmQ5NWM4ZmNkYmFlZDllOWU5YmU0N2VhMWE0MWVlMTIyOWQ4OWI1YzZkNDJhMWY3YjJmN2YxMWJkMTEyMiJ9fX0=\"}]}}}"
					}
				]
			}
    }
  }
}