{
  "parent": "minecraft:chest_loot/desert_pyramid",
  "display": {
    "icon": {
      "item": "minecraft:player_head",
			"nbt": "{display:{Name:\"{\\\"text\\\":\\\"Anubis\\\"}\"},SkullOwner:{Id:[I;1717300752,-1120449015,-1500274240,-1001537887],Properties:{textures:[{Value:\"eyJ0ZXh0dXJlcyI6eyJTS0lOIjp7InVybCI6Imh0dHA6Ly90ZXh0dXJlcy5taW5lY3JhZnQubmV0L3RleHR1cmUvNGNhNjlmY2VlOGFlOWE5Mzg0NTMzZWI5NWY2NDQ3NGJlNTA1OTEwZDk1OWZmNGFjMTI2MTFiMzAxN2UwNzlkMCJ9fX0=\"}]}}}"
    },
    "title": {
      "text": "Anubis"
    },
    "description": {
      "text": "2 of 5 Player Heads"
    },
    "frame": "task",
    "show_toast": true,
    "announce_to_chat": false,
    "hidden": true
  },
  "criteria": {
    "mineshaft": {
      "trigger": "minecraft:inventory_changed",
      "conditions": {
				"items": [
					{
						"item": "minecraft:player_head",
						"nbt": "{display:{Name:\"{\\\"text\\\":\\\"Anubis\\\"}\"},SkullOwner:{Id:[I;1717300752,-1120449015,-1500274240,-1001537887],Properties:{textures:[{Value:\"eyJ0ZXh0dXJlcyI6eyJTS0lOIjp7InVybCI6Imh0dHA6Ly90ZXh0dXJlcy5taW5lY3JhZnQubmV0L3RleHR1cmUvNGNhNjlmY2VlOGFlOWE5Mzg0NTMzZWI5NWY2NDQ3NGJlNTA1OTEwZDk1OWZmNGFjMTI2MTFiMzAxN2UwNzlkMCJ9fX0=\"}]}}}"
					}
				]
			}
    }
  }
}