{
  "parent": "minecraft:chest_loot/desert_pyramid",
  "display": {
    "icon": {
      "item": "minecraft:player_head",
			"nbt": "{display:{Name:\"{\\\"text\\\":\\\"Organ in a Bottle\\\"}\"},SkullOwner:{Id:[I;-797843587,-783464600,-2136037194,1727895340],Properties:{textures:[{Value:\"eyJ0ZXh0dXJlcyI6eyJTS0lOIjp7InVybCI6Imh0dHA6Ly90ZXh0dXJlcy5taW5lY3JhZnQubmV0L3RleHR1cmUvNmZjOWQ0NzFmMzczNTU3NTgzMzkyZWFlZmFmNjU5YmJmZWMyMzg1YzYwZmJhYjY4NjBmMjM2YjVmYjI0MSJ9fX0=\"}]}}}"
    },
    "title": {
      "text": "Organ in a Bottle (1)"
    },
    "description": {
      "text": "4 of 5 Player Heads"
    },
    "frame": "task",
    "show_toast": true,
    "announce_to_chat": false,
    "hidden": true
  },
  "criteria": {
    "mineshaft": {
      "trigger": "minecraft:inventory_changed",
      "conditions": {
				"items": [
					{
						"item": "minecraft:player_head",
						"nbt": "{display:{Name:\"{\\\"text\\\":\\\"Organ in a Bottle\\\"}\"},SkullOwner:{Id:[I;-797843587,-783464600,-2136037194,1727895340],Properties:{textures:[{Value:\"eyJ0ZXh0dXJlcyI6eyJTS0lOIjp7InVybCI6Imh0dHA6Ly90ZXh0dXJlcy5taW5lY3JhZnQubmV0L3RleHR1cmUvNmZjOWQ0NzFmMzczNTU3NTgzMzkyZWFlZmFmNjU5YmJmZWMyMzg1YzYwZmJhYjY4NjBmMjM2YjVmYjI0MSJ9fX0=\"}]}}}"
					}
				]
			}
    }
  }
}