{
  "parent": "minecraft:chest_loot/desert_pyramid",
  "display": {
    "icon": {
      "item": "minecraft:player_head",
			"nbt": "{display:{Name:\"{\\\"text\\\":\\\"Mummy\\\"}\"},SkullOwner:{Id:[I;50597187,-1067244956,-1479827373,-732301025],Properties:{textures:[{Value:\"eyJ0ZXh0dXJlcyI6eyJTS0lOIjp7InVybCI6Imh0dHA6Ly90ZXh0dXJlcy5taW5lY3JhZnQubmV0L3RleHR1cmUvNDRjODNmOTVkMjgzNzA3OGMwZmNjM2Y1ZTQ0NDYxOWRmOGJmNDQ0N2ExMWM5NDgzM2NmNjhmOTJhNzhhODMxIn19fQ==\"}]}}}"
    },
    "title": {
      "text": "Mummy"
    },
    "description": {
      "text": "1 of 5 Player Heads"
    },
    "frame": "task",
    "show_toast": true,
    "announce_to_chat": false,
    "hidden": true
  },
  "criteria": {
    "mineshaft": {
      "trigger": "minecraft:inventory_changed",
      "conditions": {
				"items": [
					{
						"item": "minecraft:player_head",
						"nbt": "{display:{Name:\"{\\\"text\\\":\\\"Mummy\\\"}\"},SkullOwner:{Id:[I;50597187,-1067244956,-1479827373,-732301025],Properties:{textures:[{Value:\"eyJ0ZXh0dXJlcyI6eyJTS0lOIjp7InVybCI6Imh0dHA6Ly90ZXh0dXJlcy5taW5lY3JhZnQubmV0L3RleHR1cmUvNDRjODNmOTVkMjgzNzA3OGMwZmNjM2Y1ZTQ0NDYxOWRmOGJmNDQ0N2ExMWM5NDgzM2NmNjhmOTJhNzhhODMxIn19fQ==\"}]}}}"
					}
				]
			}
    }
  }
}