{
  "parent": "minecraft:chest_loot/root",
  "display": {
    "icon": {
      "item": "minecraft:chiseled_sandstone"
    },
    "title": {
      "text": "Desert Temple"
    },
    "description": {
      "text": "5 player heads, 1 banner, 1 unique item"
    },
    "frame": "task",
    "show_toast": false,
    "announce_to_chat": false,
    "hidden": false
  },
  "criteria": {
    "location": {
      "trigger": "minecraft:location",
      "conditions": {
				"feature": "desert_pyramid"
			}
    }
  }
}