{
  "parent": "minecraft:chest_loot/root",
  "display": {
    "icon": {
      "item": "minecraft:mossy_cobblestone"
    },
    "title": {
      "text": "Dungeon"
    },
    "description": {
      "text": "3 player heads, 2 banners"
    },
    "frame": "task",
    "show_toast": false,
    "announce_to_chat": false,
    "hidden": false
  },
  "criteria": {
    "minecraft:spider": {
      "trigger": "minecraft:player_killed_entity",
      "conditions": {
        "entity": {
          "type": "minecraft:spider"
        }
      }
    },
    "minecraft:skeleton": {
      "trigger": "minecraft:player_killed_entity",
      "conditions": {
        "entity": {
          "type": "minecraft:skeleton"
        }
      }
    },
    "minecraft:zombie": {
      "trigger": "minecraft:player_killed_entity",
      "conditions": {
        "entity": {
          "type": "minecraft:zombie"
        }
      }
    }
  },
	"requirements": [
		[
			"minecraft:spider",
			"minecraft:skeleton",
			"minecraft:zombie"
		]
	]
}