{
  "parent": "minecraft:chest_loot/root",
  "display": {
    "icon": {
      "item": "minecraft:dark_oak_sapling"
    },
    "title": {
      "text": "Woodland Mansion"
    },
    "description": {
      "text": "2 player heads, 2 banners, 1 unique item"
    },
    "frame": "task",
    "show_toast": false,
    "announce_to_chat": false,
    "hidden": false
  },
  "criteria": {
    "location": {
      "trigger": "minecraft:location",
      "conditions": {
				"feature": "mansion"
			}
    }
  }
}