{
  "parent": "minecraft:chest_loot/root",
  "display": {
    "icon": {
      "item": "minecraft:white_banner",
			"nbt": "{BlockEntityTag:{Patterns:[{Pattern:mr,Color:9},{Pattern:bs,Color:8},{Pattern:cs,Color:7},{Pattern:bo,Color:8},{Pattern:ms,Color:15},{Pattern:hh,Color:8},{Pattern:mc,Color:8},{Pattern:bo,Color:15}]}}"
    },
    "title": {
      "text": "Pillager Outpost"
    },
    "description": {
      "text": "3 player heads, 1 unique item"
    },
    "frame": "task",
    "show_toast": false,
    "announce_to_chat": false,
    "hidden": false
  },
  "criteria": {
    "location": {
      "trigger": "minecraft:location",
      "conditions": {
				"feature": "pillageroutpost"
			}
    }
  }
}