{
  "display": {
    "icon": {
      "item": "minecraft:compass"
    },
    "title": {
      "text": "Chest Loot Upgrade"
    },
    "description": {
      "text": "You can track your collection of unique loot from here!"
    },
    "frame": "task",
    "show_toast": false,
    "announce_to_chat": false,
    "hidden": false,
    "background": "minecraft:textures/block/sand.png"
  },
  "criteria": {
    "buried_treasure": {
      "trigger": "minecraft:location",
      "conditions": {
				"feature": "buried_treasure"
			}
    },
    "desert_pyramid": {
      "trigger": "minecraft:location",
      "conditions": {
				"feature": "desert_pyramid"
			}
    },
    "endcity": {
      "trigger": "minecraft:location",
      "conditions": {
				"feature": "endcity"
			}
    },
    "fortress": {
      "trigger": "minecraft:location",
      "conditions": {
				"feature": "fortress"
			}
    },
    "igloo": {
      "trigger": "minecraft:location",
      "conditions": {
				"feature": "igloo"
			}
    },
    "jungle_pyramid": {
      "trigger": "minecraft:location",
      "conditions": {
				"feature": "jungle_pyramid"
			}
    },
    "mansion": {
      "trigger": "minecraft:location",
      "conditions": {
				"feature": "mansion"
			}
    },
    "mineshaft": {
      "trigger": "minecraft:location",
      "conditions": {
				"feature": "mineshaft"
			}
    },
    "ocean_ruin": {
      "trigger": "minecraft:location",
      "conditions": {
				"feature": "ocean_ruin"
			}
    },
    "shipwreck": {
      "trigger": "minecraft:location",
      "conditions": {
				"feature": "shipwreck"
			}
    },
    "stronghold": {
      "trigger": "minecraft:location",
      "conditions": {
				"feature": "stronghold"
			}
    },
    "village": {
      "trigger": "minecraft:location",
      "conditions": {
				"feature": "village"
			}
    },
    "pillageroutpost": {
      "trigger": "minecraft:location",
      "conditions": {
				"feature": "pillageroutpost"
			}
    },
		"minecraft:spider": {
      "trigger": "minecraft:player_killed_entity",
      "conditions": {
        "entity": {
          "type": "minecraft:spider"
        }
      }
    },
    "minecraft:skeleton": {
      "trigger": "minecraft:player_killed_entity",
      "conditions": {
        "entity": {
          "type": "minecraft:skeleton"
        }
      }
    },
    "minecraft:zombie": {
      "trigger": "minecraft:player_killed_entity",
      "conditions": {
        "entity": {
          "type": "minecraft:zombie"
        }
      }
    }
  },
	"requirements": [
		[
			"buried_treasure",
			"desert_pyramid",
			"endcity",
			"fortress",
			"igloo",
			"jungle_pyramid",
			"mansion",
			"mineshaft",
			"ocean_ruin",
			"shipwreck",
			"stronghold",
			"village",
			"pillageroutpost",
			"minecraft:spider",
			"minecraft:skeleton",
			"minecraft:zombie"
		]
	]
}