{
  "parent": "minecraft:chest_loot/ocean_ruin",
  "display": {
    "icon": {
      "item": "minecraft:white_banner",
			"nbt": "{display:{Name:\"{\\\"text\\\":\\\"Herobrine\\\"}\", Lore:[\"By Mediv\"]}, BlockEntityTag:{Patterns:[{Pattern:ls,Color:15},{Pattern:rs,Color:15},{Pattern:ms,Color:15},{Pattern:ts,Color:15},{Pattern:hhb,Color:15},{Pattern:mc,Color:15}]}}"
    },
    "title": {
      "text": "Herobrine by Mediv"
    },
    "description": {
      "text": "1 of 2 Banners"
    },
    "frame": "task",
    "show_toast": true,
    "announce_to_chat": false,
    "hidden": true
  },
  "criteria": {
    "mineshaft": {
      "trigger": "minecraft:inventory_changed",
      "conditions": {
				"items": [
					{
						"item": "minecraft:white_banner",
						"nbt": "{display:{Name:\"{\\\"text\\\":\\\"Herobrine\\\"}\", Lore:[\"By Mediv\"]}, BlockEntityTag:{Patterns:[{Pattern:ls,Color:15},{Pattern:rs,Color:15},{Pattern:ms,Color:15},{Pattern:ts,Color:15},{Pattern:hhb,Color:15},{Pattern:mc,Color:15}]}}"
					}
				]
			}
    }
  }
}