{
  "parent": "minecraft:chest_loot/ocean_ruin",
  "display": {
    "icon": {
      "item": "minecraft:red_banner",
			"nbt": "{display:{Name:\"{\\\"text\\\":\\\"Squid\\\"}\", Lore:[\"By FrijielFan22\"]}, BlockEntityTag:{Patterns:[{Pattern:bt,Color:11},{Pattern:ss,Color:14},{Pattern:ms,Color:0},{Pattern:cbo,Color:11},{Pattern:mc,Color:14},{Pattern:bo,Color:11}]}}"
    },
    "title": {
      "text": "Squid by FrijielFan22"
    },
    "description": {
      "text": "2 of 2 Banners"
    },
    "frame": "task",
    "show_toast": true,
    "announce_to_chat": false,
    "hidden": true
  },
  "criteria": {
    "mineshaft": {
      "trigger": "minecraft:inventory_changed",
      "conditions": {
				"items": [
					{
						"item": "minecraft:red_banner",
						"nbt": "{display:{Name:\"{\\\"text\\\":\\\"Squid\\\"}\", Lore:[\"By FrijielFan22\"]}, BlockEntityTag:{Patterns:[{Pattern:bt,Color:11},{Pattern:ss,Color:14},{Pattern:ms,Color:0},{Pattern:cbo,Color:11},{Pattern:mc,Color:14},{Pattern:bo,Color:11}]}}"
					}
				]
			}
    }
  }
}