{
  "parent": "minecraft:chest_loot/ocean_ruin",
  "display": {
    "icon": {
      "item": "minecraft:player_head",
			"nbt": "{display:{Name:\"{\\\"text\\\":\\\"Sea Pickles\\\"}\"},SkullOwner:{Id:[I;-1267644839,852970160,-2053327761,-464916580],Properties:{textures:[{Value:\"eyJ0ZXh0dXJlcyI6eyJTS0lOIjp7InVybCI6Imh0dHA6Ly90ZXh0dXJlcy5taW5lY3JhZnQubmV0L3RleHR1cmUvOWFlZjVlNGViOTU4OWI1ZjQ4NmRhMDU0ZWMzNjY0NjEzYTQ5MTBlM2UyZjBmNjNlY2U1OTg1MTIwYjQxMzUzMCJ9fX0=\"}]}}}"
    },
    "title": {
      "text": "Sea Pickles"
    },
    "description": {
      "text": "5 of 6 Player Heads"
    },
    "frame": "task",
    "show_toast": true,
    "announce_to_chat": false,
    "hidden": true
  },
  "criteria": {
    "mineshaft": {
      "trigger": "minecraft:inventory_changed",
      "conditions": {
				"items": [
					{
						"item": "minecraft:player_head",
						"nbt": "{display:{Name:\"{\\\"text\\\":\\\"Sea Pickles\\\"}\"},SkullOwner:{Id:[I;-1267644839,852970160,-2053327761,-464916580],Properties:{textures:[{Value:\"eyJ0ZXh0dXJlcyI6eyJTS0lOIjp7InVybCI6Imh0dHA6Ly90ZXh0dXJlcy5taW5lY3JhZnQubmV0L3RleHR1cmUvOWFlZjVlNGViOTU4OWI1ZjQ4NmRhMDU0ZWMzNjY0NjEzYTQ5MTBlM2UyZjBmNjNlY2U1OTg1MTIwYjQxMzUzMCJ9fX0=\"}]}}}"
					}
				]
			}
    }
  }
}