{
  "parent": "minecraft:chest_loot/ocean_ruin",
  "display": {
    "icon": {
      "item": "minecraft:player_head",
			"nbt": "{display:{Name:\"{\\\"text\\\":\\\"Water Bottle\\\"}\"},SkullOwner:{Id:[I;-1600331438,2132560605,-1655644848,-925639406],Properties:{textures:[{Value:\"eyJ0ZXh0dXJlcyI6eyJTS0lOIjp7InVybCI6Imh0dHA6Ly90ZXh0dXJlcy5taW5lY3JhZnQubmV0L3RleHR1cmUvYmY5ZTMwZTNhMGQzYzg3YjNmMTRkNjFhYWY5OWY5YzE4MWNmOGVmNDQwOTdjMzE2MTI2NmY3OTI0NzJhNjU5OSJ9fX0=\"}]}}}"
    },
    "title": {
      "text": "Water Bottle"
    },
    "description": {
      "text": "6 of 6 Player Heads"
    },
    "frame": "task",
    "show_toast": true,
    "announce_to_chat": false,
    "hidden": true
  },
  "criteria": {
    "mineshaft": {
      "trigger": "minecraft:inventory_changed",
      "conditions": {
				"items": [
					{
						"item": "minecraft:player_head",
						"nbt": "{display:{Name:\"{\\\"text\\\":\\\"Water Bottle\\\"}\"},SkullOwner:{Id:[I;-1600331438,2132560605,-1655644848,-925639406],Properties:{textures:[{Value:\"eyJ0ZXh0dXJlcyI6eyJTS0lOIjp7InVybCI6Imh0dHA6Ly90ZXh0dXJlcy5taW5lY3JhZnQubmV0L3RleHR1cmUvYmY5ZTMwZTNhMGQzYzg3YjNmMTRkNjFhYWY5OWY5YzE4MWNmOGVmNDQwOTdjMzE2MTI2NmY3OTI0NzJhNjU5OSJ9fX0=\"}]}}}"
					}
				]
			}
    }
  }
}