{
  "parent": "minecraft:chest_loot/ocean_ruin",
  "display": {
    "icon": {
      "item": "minecraft:player_head",
			"nbt": "{display:{Name:\"{\\\"text\\\":\\\"Pearl\\\"}\"},SkullOwner:{Id:[I;963052403,591151397,-1855964815,1543651791],Properties:{textures:[{Value:\"eyJ0ZXh0dXJlcyI6eyJTS0lOIjp7InVybCI6Imh0dHA6Ly90ZXh0dXJlcy5taW5lY3JhZnQubmV0L3RleHR1cmUvN2QxNmFlOTUxMTIwMzk0ZjM2OGYyMjUwYjdjM2FkM2ZiMTJjZWE1NWVjMWIyZGI1YTk0ZDFmYjdmZDRiNmZhIn19fQ==\"}]}}}"
    },
    "title": {
      "text": "Pearl"
    },
    "description": {
      "text": "1 of 6 Player Heads"
    },
    "frame": "task",
    "show_toast": true,
    "announce_to_chat": false,
    "hidden": true
  },
  "criteria": {
    "mineshaft": {
      "trigger": "minecraft:inventory_changed",
      "conditions": {
				"items": [
					{
						"item": "minecraft:player_head",
						"nbt": "{display:{Name:\"{\\\"text\\\":\\\"Pearl\\\"}\"},SkullOwner:{Id:[I;963052403,591151397,-1855964815,1543651791],Properties:{textures:[{Value:\"eyJ0ZXh0dXJlcyI6eyJTS0lOIjp7InVybCI6Imh0dHA6Ly90ZXh0dXJlcy5taW5lY3JhZnQubmV0L3RleHR1cmUvN2QxNmFlOTUxMTIwMzk0ZjM2OGYyMjUwYjdjM2FkM2ZiMTJjZWE1NWVjMWIyZGI1YTk0ZDFmYjdmZDRiNmZhIn19fQ==\"}]}}}"
					}
				]
			}
    }
  }
}