{
  "parent": "minecraft:chest_loot/ocean_ruin",
  "display": {
    "icon": {
      "item": "minecraft:player_head",
			"nbt": "{display:{Name:\"{\\\"text\\\":\\\"Pufferfish in a Bottle\\\"}\"},SkullOwner:{Id:[I;179050314,-1693233975,-1733827507,-258087747],Properties:{textures:[{Value:\"eyJ0ZXh0dXJlcyI6eyJTS0lOIjp7InVybCI6Imh0dHA6Ly90ZXh0dXJlcy5taW5lY3JhZnQubmV0L3RleHR1cmUvNWEzMTZkNTg1Yjc4OWI1ODJmMmQ5OWU4ZTZjYjJkNzA0MzNlODk5NmZhYjAyNGE3NGJjNzkwZTIyYWVkY2RlYiJ9fX0=\"}]}}}"
    },
    "title": {
      "text": "Pufferfish in a Bottle"
    },
    "description": {
      "text": "3 of 6 Player Heads"
    },
    "frame": "task",
    "show_toast": true,
    "announce_to_chat": false,
    "hidden": true
  },
  "criteria": {
    "mineshaft": {
      "trigger": "minecraft:inventory_changed",
      "conditions": {
				"items": [
					{
						"item": "minecraft:player_head",
						"nbt": "{display:{Name:\"{\\\"text\\\":\\\"Pufferfish in a Bottle\\\"}\"},SkullOwner:{Id:[I;179050314,-1693233975,-1733827507,-258087747],Properties:{textures:[{Value:\"eyJ0ZXh0dXJlcyI6eyJTS0lOIjp7InVybCI6Imh0dHA6Ly90ZXh0dXJlcy5taW5lY3JhZnQubmV0L3RleHR1cmUvNWEzMTZkNTg1Yjc4OWI1ODJmMmQ5OWU4ZTZjYjJkNzA0MzNlODk5NmZhYjAyNGE3NGJjNzkwZTIyYWVkY2RlYiJ9fX0=\"}]}}}"
					}
				]
			}
    }
  }
}