{
  "parent": "minecraft:chest_loot/ocean_ruin",
  "display": {
    "icon": {
      "item": "minecraft:player_head",
			"nbt": "{display:{Name:\"{\\\"text\\\":\\\"Sealed Rotting Chest\\\"}\"},SkullOwner:{Id:[I;-895994467,1631470581,-1194390402,736478295],Properties:{textures:[{Value:\"eyJ0ZXh0dXJlcyI6eyJTS0lOIjp7InVybCI6Imh0dHA6Ly90ZXh0dXJlcy5taW5lY3JhZnQubmV0L3RleHR1cmUvNjc0ZDEzYjUxMDE2OGM3YWNiNDRiNjQ0MTY4NmFkN2FiMWNiNWI3NDg4ZThjZGY5ZDViMjJiNDdjNDgzZjIzIn19fQ==\"}]}}}"
    },
    "title": {
      "text": "Sealed Rotting Chest"
    },
    "description": {
      "text": "2 of 6 Player Heads"
    },
    "frame": "task",
    "show_toast": true,
    "announce_to_chat": false,
    "hidden": true
  },
  "criteria": {
    "mineshaft": {
      "trigger": "minecraft:inventory_changed",
      "conditions": {
				"items": [
					{
						"item": "minecraft:player_head",
						"nbt": "{display:{Name:\"{\\\"text\\\":\\\"Sealed Rotting Chest\\\"}\"},SkullOwner:{Id:[I;-895994467,1631470581,-1194390402,736478295],Properties:{textures:[{Value:\"eyJ0ZXh0dXJlcyI6eyJTS0lOIjp7InVybCI6Imh0dHA6Ly90ZXh0dXJlcy5taW5lY3JhZnQubmV0L3RleHR1cmUvNjc0ZDEzYjUxMDE2OGM3YWNiNDRiNjQ0MTY4NmFkN2FiMWNiNWI3NDg4ZThjZGY5ZDViMjJiNDdjNDgzZjIzIn19fQ==\"}]}}}"
					}
				]
			}
    }
  }
}