{
  "parent": "minecraft:chest_loot/ocean_ruin",
  "display": {
    "icon": {
      "item": "minecraft:player_head",
			"nbt": "{display:{Name:\"{\\\"text\\\":\\\"Nautilus Shell\\\"}\"},SkullOwner:{Id:[I;1006549856,1593593249,-1321455687,1756446873],Properties:{textures:[{Value:\"eyJ0ZXh0dXJlcyI6eyJTS0lOIjp7InVybCI6Imh0dHA6Ly90ZXh0dXJlcy5taW5lY3JhZnQubmV0L3RleHR1cmUvODEyNmNhYzE2ZmQ4ZTQ3NTE2ZTg0NTIwY2QzOTgxYzQ1ZDcwOGY1NWQzNDU4NDk0ZDhmMDgxYzUwNWQ2ZDMwNCJ9fX0=\"}]}}}"
    },
    "title": {
      "text": "Nautilus Shell"
    },
    "description": {
      "text": "4 of 6 Player Heads"
    },
    "frame": "task",
    "show_toast": true,
    "announce_to_chat": false,
    "hidden": true
  },
  "criteria": {
    "mineshaft": {
      "trigger": "minecraft:inventory_changed",
      "conditions": {
				"items": [
					{
						"item": "minecraft:player_head",
						"nbt": "{display:{Name:\"{\\\"text\\\":\\\"Nautilus Shell\\\"}\"},SkullOwner:{Id:[I;1006549856,1593593249,-1321455687,1756446873],Properties:{textures:[{Value:\"eyJ0ZXh0dXJlcyI6eyJTS0lOIjp7InVybCI6Imh0dHA6Ly90ZXh0dXJlcy5taW5lY3JhZnQubmV0L3RleHR1cmUvODEyNmNhYzE2ZmQ4ZTQ3NTE2ZTg0NTIwY2QzOTgxYzQ1ZDcwOGY1NWQzNDU4NDk0ZDhmMDgxYzUwNWQ2ZDMwNCJ9fX0=\"}]}}}"
					}
				]
			}
    }
  }
}