{
  "parent": "minecraft:chest_loot/mansion",
  "display": {
    "icon": {
      "item": "minecraft:iron_axe",
			"nbt": "{display:{Name:\"{\\\"text\\\":\\\"Arbor Druid Axe\\\"}\", Lore:[\"Increased chance of saplings\", \"from leaf blocks\"]}, Enchantments:[{id:\"fortune\", lvl:7s}], RepairCost:99}"
    },
    "title": {
      "text": "Arbor Druid Axe"
    },
    "description": {
      "text": "1 of 1 Unique Item"
    },
    "frame": "task",
    "show_toast": true,
    "announce_to_chat": false,
    "hidden": true
  },
  "criteria": {
    "mineshaft": {
      "trigger": "minecraft:inventory_changed",
      "conditions": {
				"items": [
					{
						"item": "minecraft:iron_axe",
						"nbt": "{display:{Name:\"{\\\"text\\\":\\\"Arbor Druid Axe\\\"}\", Lore:[\"Increased chance of saplings\", \"from leaf blocks\"]}, Enchantments:[{id:\"fortune\", lvl:7s}], RepairCost:99}"
					}
				]
			}
    }
  }
}