{
  "parent": "minecraft:chest_loot/mansion",
  "display": {
    "icon": {
      "item": "minecraft:purple_banner",
			"nbt": "{display:{Name:\"{\\\"text\\\":\\\"Boiling Cauldron\\\"}\", Lore:[\"By Tetrajak\"]}, BlockEntityTag:{Patterns:[{Pattern:bri,Color:8},{Pattern:tl,Color:10},{Pattern:tt,Color:10},{Pattern:sku,Color:10},{Pattern:bs,Color:15},{Pattern:cbo,Color:10},{Pattern:bts,Color:15},{Pattern:bo,Color:10}]}}"
    },
    "title": {
      "text": "Boiling Cauldron by Tetrajak"
    },
    "description": {
      "text": "2 of 2 Banners"
    },
    "frame": "task",
    "show_toast": true,
    "announce_to_chat": false,
    "hidden": true
  },
  "criteria": {
    "mineshaft": {
      "trigger": "minecraft:inventory_changed",
      "conditions": {
				"items": [
					{
						"item": "minecraft:purple_banner",
						"nbt": "{display:{Name:\"{\\\"text\\\":\\\"Boiling Cauldron\\\"}\", Lore:[\"By Tetrajak\"]}, BlockEntityTag:{Patterns:[{Pattern:bri,Color:8},{Pattern:tl,Color:10},{Pattern:tt,Color:10},{Pattern:sku,Color:10},{Pattern:bs,Color:15},{Pattern:cbo,Color:10},{Pattern:bts,Color:15},{Pattern:bo,Color:10}]}}"
					}
				]
			}
    }
  }
}