{
  "parent": "minecraft:chest_loot/mansion",
  "display": {
    "icon": {
      "item": "minecraft:red_banner",
			"nbt": "{display:{Name:\"{\\\"text\\\":\\\"Cake\\\"}\", Lore:[\"By Tetrajak\"]}, BlockEntityTag:{Patterns:[{Pattern:ss,Color:0},{Pattern:bri,Color:0},{Pattern:hhb,Color:12},{Pattern:ts,Color:15},{Pattern:bs,Color:15},{Pattern:bo,Color:15}]}}"
    },
    "title": {
      "text": "Cake by Tetrajak"
    },
    "description": {
      "text": "1 of 2 Banners"
    },
    "frame": "task",
    "show_toast": true,
    "announce_to_chat": false,
    "hidden": true
  },
  "criteria": {
    "mineshaft": {
      "trigger": "minecraft:inventory_changed",
      "conditions": {
				"items": [
					{
						"item": "minecraft:red_banner",
						"nbt": "{display:{Name:\"{\\\"text\\\":\\\"Cake\\\"}\", Lore:[\"By Tetrajak\"]}, BlockEntityTag:{Patterns:[{Pattern:ss,Color:0},{Pattern:bri,Color:0},{Pattern:hhb,Color:12},{Pattern:ts,Color:15},{Pattern:bs,Color:15},{Pattern:bo,Color:15}]}}"
					}
				]
			}
    }
  }
}