{
  "parent": "minecraft:chest_loot/mansion",
  "display": {
    "icon": {
      "item": "minecraft:player_head",
			"nbt": "{display:{Name:\"{\\\"text\\\":\\\"Candle (red)\\\"}\"},SkullOwner:{Id:[I;1160891075,268519242,-1488969557,505795998],Properties:{textures:[{Value:\"eyJ0ZXh0dXJlcyI6eyJTS0lOIjp7InVybCI6Imh0dHA6Ly90ZXh0dXJlcy5taW5lY3JhZnQubmV0L3RleHR1cmUvYTEzODgyNDhhYzFhOTA1YWNmZWM4MDE3MjkyOTNjZTVlYmE3OGViODlhNzAzYTJiOWQ4N2MxZTVhYzExMDQ3NCJ9fX0=\"}]}}}"
    },
    "title": {
      "text": "Candle (red)"
    },
    "description": {
      "text": "2 of 2 Player Heads"
    },
    "frame": "task",
    "show_toast": true,
    "announce_to_chat": false,
    "hidden": true
  },
  "criteria": {
    "mineshaft": {
      "trigger": "minecraft:inventory_changed",
      "conditions": {
				"items": [
					{
						"item": "minecraft:player_head",
						"nbt": "{display:{Name:\"{\\\"text\\\":\\\"Candle (red)\\\"}\"},SkullOwner:{Id:[I;1160891075,268519242,-1488969557,505795998],Properties:{textures:[{Value:\"eyJ0ZXh0dXJlcyI6eyJTS0lOIjp7InVybCI6Imh0dHA6Ly90ZXh0dXJlcy5taW5lY3JhZnQubmV0L3RleHR1cmUvYTEzODgyNDhhYzFhOTA1YWNmZWM4MDE3MjkyOTNjZTVlYmE3OGViODlhNzAzYTJiOWQ4N2MxZTVhYzExMDQ3NCJ9fX0=\"}]}}}"
					}
				]
			}
    }
  }
}