{
  "parent": "minecraft:chest_loot/mansion",
  "display": {
    "icon": {
      "item": "minecraft:player_head",
			"nbt": "{display:{Name:\"{\\\"text\\\":\\\"Crate\\\"}\"},SkullOwner:{Id:[I;2075206903,1102203097,-2107118560,2027789071],Properties:{textures:[{Value:\"eyJ0ZXh0dXJlcyI6eyJTS0lOIjp7InVybCI6Imh0dHA6Ly90ZXh0dXJlcy5taW5lY3JhZnQubmV0L3RleHR1cmUvYTJkZDdkODE4Y2JhNjUyYjAxY2YzNTBkMmIyYTFjZWVkZDRmNDZhY2FkMDViMmNlODFjM2Y4NzdlYWI3MTcifX19\"}]}}}"
    },
    "title": {
      "text": "Crate"
    },
    "description": {
      "text": "1 of 2 Player Heads"
    },
    "frame": "task",
    "show_toast": true,
    "announce_to_chat": false,
    "hidden": true
  },
  "criteria": {
    "mineshaft": {
      "trigger": "minecraft:inventory_changed",
      "conditions": {
				"items": [
					{
						"item": "minecraft:player_head",
						"nbt": "{display:{Name:\"{\\\"text\\\":\\\"Crate\\\"}\"},SkullOwner:{Id:[I;2075206903,1102203097,-2107118560,2027789071],Properties:{textures:[{Value:\"eyJ0ZXh0dXJlcyI6eyJTS0lOIjp7InVybCI6Imh0dHA6Ly90ZXh0dXJlcy5taW5lY3JhZnQubmV0L3RleHR1cmUvYTJkZDdkODE4Y2JhNjUyYjAxY2YzNTBkMmIyYTFjZWVkZDRmNDZhY2FkMDViMmNlODFjM2Y4NzdlYWI3MTcifX19\"}]}}}"
					}
				]
			}
    }
  }
}