{
  "parent": "minecraft:chest_loot/village",
  "display": {
    "icon": {
      "item": "minecraft:black_banner",
			"nbt": "{display:{Name:\"{\\\"text\\\":\\\"The Overworld\\\"}\", Lore:[\"By Tetrajak\"]}, BlockEntityTag:{Patterns:[{Pattern:bl,Color:4},{Pattern:tr,Color:8},{Pattern:bo,Color:15},{Pattern:moj,Color:0},{Pattern:flo,Color:11},{Pattern:mc,Color:9},{Pattern:glb,Color:5}]}}"
    },
    "title": {
      "text": "The Overworld by Tetrajak"
    },
    "description": {
      "text": "1 of 11 Banners"
    },
    "frame": "task",
    "show_toast": true,
    "announce_to_chat": false,
    "hidden": true
  },
  "criteria": {
    "mineshaft": {
      "trigger": "minecraft:inventory_changed",
      "conditions": {
				"items": [
					{
						"item": "minecraft:black_banner",
						"nbt": "{display:{Name:\"{\\\"text\\\":\\\"The Overworld\\\"}\", Lore:[\"By Tetrajak\"]}, BlockEntityTag:{Patterns:[{Pattern:bl,Color:4},{Pattern:tr,Color:8},{Pattern:bo,Color:15},{Pattern:moj,Color:0},{Pattern:flo,Color:11},{Pattern:mc,Color:9},{Pattern:glb,Color:5}]}}"
					}
				]
			}
    }
  }
}