{
  "parent": "minecraft:chest_loot/village",
  "display": {
    "icon": {
      "item": "minecraft:black_banner",
			"nbt": "{display:{Name:\"{\\\"text\\\":\\\"Guardian\\\"}\", Lore:[\"By Tetrajak\"]}, BlockEntityTag:{Patterns:[{Pattern:sc,Color:1},{Pattern:gru,Color:15},{Pattern:cr,Color:1},{Pattern:cbo,Color:15},{Pattern:flo,Color:9}]}}"
    },
    "title": {
      "text": "Guardian by Tetrajak"
    },
    "description": {
      "text": "2 of 11 Banners"
    },
    "frame": "task",
    "show_toast": true,
    "announce_to_chat": false,
    "hidden": true
  },
  "criteria": {
    "mineshaft": {
      "trigger": "minecraft:inventory_changed",
      "conditions": {
				"items": [
					{
						"item": "minecraft:black_banner",
						"nbt": "{display:{Name:\"{\\\"text\\\":\\\"Guardian\\\"}\", Lore:[\"By Tetrajak\"]}, BlockEntityTag:{Patterns:[{Pattern:sc,Color:1},{Pattern:gru,Color:15},{Pattern:cr,Color:1},{Pattern:cbo,Color:15},{Pattern:flo,Color:9}]}}"
					}
				]
			}
    }
  }
}