{
  "parent": "minecraft:chest_loot/village",
  "display": {
    "icon": {
      "item": "minecraft:brown_banner",
			"nbt": "{display:{Name:\"{\\\"text\\\":\\\"Arrow\\\"}\", Lore:[\"By Fode0100\"]}, BlockEntityTag:{Patterns:[{Pattern:ss,Color:15},{Pattern:ts,Color:8},{Pattern:cbo,Color:15},{Pattern:bts,Color:0},{Pattern:ls,Color:15},{Pattern:rs,Color:15}]}}"
    },
    "title": {
      "text": "Arrow by Fode0100"
    },
    "description": {
      "text": "11 of 11 Banners"
    },
    "frame": "task",
    "show_toast": true,
    "announce_to_chat": false,
    "hidden": true
  },
  "criteria": {
    "mineshaft": {
      "trigger": "minecraft:inventory_changed",
      "conditions": {
				"items": [
					{
						"item": "minecraft:brown_banner",
						"nbt": "{display:{Name:\"{\\\"text\\\":\\\"Arrow\\\"}\", Lore:[\"By Fode0100\"]}, BlockEntityTag:{Patterns:[{Pattern:ss,Color:15},{Pattern:ts,Color:8},{Pattern:cbo,Color:15},{Pattern:bts,Color:0},{Pattern:ls,Color:15},{Pattern:rs,Color:15}]}}"
					}
				]
			}
    }
  }
}