{
  "parent": "minecraft:chest_loot/village",
  "display": {
    "icon": {
      "item": "minecraft:magenta_banner",
			"nbt": "{display:{Name:\"{\\\"text\\\":\\\"Magic Potion\\\"}\", Lore:[\"By Anonymous\"]}, BlockEntityTag:{Patterns:[{Pattern:moj,Color:15},{Pattern:gru,Color:15},{Pattern:cs,Color:0},{Pattern:bt,Color:6},{Pattern:cbo,Color:15},{Pattern:ts,Color:15}]}}"
    },
    "title": {
      "text": "Magic Potion by Anonymous"
    },
    "description": {
      "text": "9 of 11 Banners"
    },
    "frame": "task",
    "show_toast": true,
    "announce_to_chat": false,
    "hidden": true
  },
  "criteria": {
    "mineshaft": {
      "trigger": "minecraft:inventory_changed",
      "conditions": {
				"items": [
					{
						"item": "minecraft:magenta_banner",
						"nbt": "{display:{Name:\"{\\\"text\\\":\\\"Magic Potion\\\"}\", Lore:[\"By Anonymous\"]}, BlockEntityTag:{Patterns:[{Pattern:moj,Color:15},{Pattern:gru,Color:15},{Pattern:cs,Color:0},{Pattern:bt,Color:6},{Pattern:cbo,Color:15},{Pattern:ts,Color:15}]}}"
					}
				]
			}
    }
  }
}