{
  "parent": "minecraft:chest_loot/village",
  "display": {
    "icon": {
      "item": "minecraft:brown_banner",
			"nbt": "{display:{Name:\"{\\\"text\\\":\\\"Cow Hide\\\"}\", Lore:[\"By Tetrajak\"]}, BlockEntityTag:{Patterns:[{Pattern:bs,Color:0},{Pattern:ts,Color:0},{Pattern:dls,Color:12},{Pattern:mr,Color:12},{Pattern:bts,Color:12},{Pattern:cbo,Color:12}]}}"
    },
    "title": {
      "text": "Cow Hide by Tetrajak"
    },
    "description": {
      "text": "7 of 11 Banners"
    },
    "frame": "task",
    "show_toast": true,
    "announce_to_chat": false,
    "hidden": true
  },
  "criteria": {
    "mineshaft": {
      "trigger": "minecraft:inventory_changed",
      "conditions": {
				"items": [
					{
						"item": "minecraft:brown_banner",
						"nbt": "{display:{Name:\"{\\\"text\\\":\\\"Cow Hide\\\"}\", Lore:[\"By Tetrajak\"]}, BlockEntityTag:{Patterns:[{Pattern:bs,Color:0},{Pattern:ts,Color:0},{Pattern:dls,Color:12},{Pattern:mr,Color:12},{Pattern:bts,Color:12},{Pattern:cbo,Color:12}]}}"
					}
				]
			}
    }
  }
}