{
  "parent": "minecraft:chest_loot/village",
  "display": {
    "icon": {
      "item": "minecraft:white_banner",
			"nbt": "{display:{Name:\"{\\\"text\\\":\\\"Bunny Rabbit\\\"}\", Lore:[\"By Anonymous\"]}, BlockEntityTag:{Patterns:[{Pattern:mc,Color:15},{Pattern:flo,Color:0},{Pattern:tt,Color:3},{Pattern:cr,Color:0},{Pattern:cbo,Color:3},{Pattern:bts,Color:0}]}}"
    },
    "title": {
      "text": "Bunny Rabbit by Anonymous"
    },
    "description": {
      "text": "5 of 11 Banners"
    },
    "frame": "task",
    "show_toast": true,
    "announce_to_chat": false,
    "hidden": true
  },
  "criteria": {
    "mineshaft": {
      "trigger": "minecraft:inventory_changed",
      "conditions": {
				"items": [
					{
						"item": "minecraft:white_banner",
						"nbt": "{display:{Name:\"{\\\"text\\\":\\\"Bunny Rabbit\\\"}\", Lore:[\"By Anonymous\"]}, BlockEntityTag:{Patterns:[{Pattern:mc,Color:15},{Pattern:flo,Color:0},{Pattern:tt,Color:3},{Pattern:cr,Color:0},{Pattern:cbo,Color:3},{Pattern:bts,Color:0}]}}"
					}
				]
			}
    }
  }
}