{
  "parent": "minecraft:chest_loot/village",
  "display": {
    "icon": {
      "item": "minecraft:white_banner",
			"nbt": "{display:{Name:\"{\\\"text\\\":\\\"Rainbow\\\"}\", Lore:[\"By Tetrajak\"]}, BlockEntityTag:{Patterns:[{Pattern:ls,Color:14},{Pattern:rs,Color:11},{Pattern:drs,Color:1},{Pattern:dls,Color:5},{Pattern:sc,Color:2},{Pattern:cs,Color:4},{Pattern:mc,Color:3},{Pattern:cbo,Color:3},{Pattern:ts,Color:3},{Pattern:hhb,Color:13}]}}"
    },
    "title": {
      "text": "Rainbow by Tetrajak"
    },
    "description": {
      "text": "6 of 11 Banners"
    },
    "frame": "task",
    "show_toast": true,
    "announce_to_chat": false,
    "hidden": true
  },
  "criteria": {
    "mineshaft": {
      "trigger": "minecraft:inventory_changed",
      "conditions": {
				"items": [
					{
						"item": "minecraft:white_banner",
						"nbt": "{display:{Name:\"{\\\"text\\\":\\\"Rainbow\\\"}\", Lore:[\"By Tetrajak\"]}, BlockEntityTag:{Patterns:[{Pattern:ls,Color:14},{Pattern:rs,Color:11},{Pattern:drs,Color:1},{Pattern:dls,Color:5},{Pattern:sc,Color:2},{Pattern:cs,Color:4},{Pattern:mc,Color:3},{Pattern:cbo,Color:3},{Pattern:ts,Color:3},{Pattern:hhb,Color:13}]}}"
					}
				]
			}
    }
  }
}