{
  "parent": "minecraft:chest_loot/village",
  "display": {
    "icon": {
      "item": "minecraft:yellow_banner",
			"nbt": "{display:{Name:\"{\\\"text\\\":\\\"Mesa\\\"}\", Lore:[\"By Tetrajak\"]}, BlockEntityTag:{Patterns:[{Pattern:ms,Color:14},{Pattern:sc,Color:0},{Pattern:hhb,Color:15},{Pattern:bs,Color:12},{Pattern:gru,Color:1},{Pattern:tt,Color:3},{Pattern:ts,Color:3}]}}"
    },
    "title": {
      "text": "Mesa by Tetrajak"
    },
    "description": {
      "text": "4 of 11 Banners"
    },
    "frame": "task",
    "show_toast": true,
    "announce_to_chat": false,
    "hidden": true
  },
  "criteria": {
    "mineshaft": {
      "trigger": "minecraft:inventory_changed",
      "conditions": {
				"items": [
					{
						"item": "minecraft:yellow_banner",
						"nbt": "{display:{Name:\"{\\\"text\\\":\\\"Mesa\\\"}\", Lore:[\"By Tetrajak\"]}, BlockEntityTag:{Patterns:[{Pattern:ms,Color:14},{Pattern:sc,Color:0},{Pattern:hhb,Color:15},{Pattern:bs,Color:12},{Pattern:gru,Color:1},{Pattern:tt,Color:3},{Pattern:ts,Color:3}]}}"
					}
				]
			}
    }
  }
}