{
  "parent": "minecraft:chest_loot/village",
  "display": {
    "icon": {
      "item": "minecraft:white_banner",
			"nbt": "{display:{Name:\"{\\\"text\\\":\\\"Guardian Face\\\"}\", Lore:[\"By Tetrajak\"]}, BlockEntityTag:{Patterns:[{Pattern:mc,Color:14},{Pattern:bs,Color:9},{Pattern:bo,Color:9},{Pattern:hh,Color:7},{Pattern:ts,Color:9},{Pattern:tts,Color:1},{Pattern:bts,Color:1}]}}"
    },
    "title": {
      "text": "Guardian Face by Tetrajak"
    },
    "description": {
      "text": "3 of 11 Banners"
    },
    "frame": "task",
    "show_toast": true,
    "announce_to_chat": false,
    "hidden": true
  },
  "criteria": {
    "mineshaft": {
      "trigger": "minecraft:inventory_changed",
      "conditions": {
				"items": [
					{
						"item": "minecraft:white_banner",
						"nbt": "{display:{Name:\"{\\\"text\\\":\\\"Guardian Face\\\"}\", Lore:[\"By Tetrajak\"]}, BlockEntityTag:{Patterns:[{Pattern:mc,Color:14},{Pattern:bs,Color:9},{Pattern:bo,Color:9},{Pattern:hh,Color:7},{Pattern:ts,Color:9},{Pattern:tts,Color:1},{Pattern:bts,Color:1}]}}"
					}
				]
			}
    }
  }
}