{
  "parent": "minecraft:chest_loot/village",
  "display": {
    "icon": {
      "item": "minecraft:lime_banner",
			"nbt": "{display:{Name:\"{\\\"text\\\":\\\"Creeper Hide\\\"}\", Lore:[\"By Timentius\"]}, BlockEntityTag:{Patterns:[{Pattern:cr,Color:7},{Pattern:cbo,Color:0},{Pattern:flo,Color:0},{Pattern:ss,Color:13},{Pattern:bri,Color:15},{Pattern:bri,Color:5}]}}"
    },
    "title": {
      "text": "Creeper Hide by Timentius"
    },
    "description": {
      "text": "8 of 11 Banners"
    },
    "frame": "task",
    "show_toast": true,
    "announce_to_chat": false,
    "hidden": true
  },
  "criteria": {
    "mineshaft": {
      "trigger": "minecraft:inventory_changed",
      "conditions": {
				"items": [
					{
						"item": "minecraft:lime_banner",
						"nbt": "{display:{Name:\"{\\\"text\\\":\\\"Creeper Hide\\\"}\", Lore:[\"By Timentius\"]}, BlockEntityTag:{Patterns:[{Pattern:cr,Color:7},{Pattern:cbo,Color:0},{Pattern:flo,Color:0},{Pattern:ss,Color:13},{Pattern:bri,Color:15},{Pattern:bri,Color:5}]}}"
					}
				]
			}
    }
  }
}