{
  "parent": "minecraft:chest_loot/village",
  "display": {
    "icon": {
      "item": "minecraft:light_gray_banner",
			"nbt": "{display:{Name:\"{\\\"text\\\":\\\"Bearded Axe\\\"}\", Lore:[\"By Tetrajak\"]}, BlockEntityTag:{Patterns:[{Pattern:rs,Color:0},{Pattern:mr,Color:15},{Pattern:hhb,Color:15},{Pattern:ls,Color:12},{Pattern:bo,Color:15}]}}"
    },
    "title": {
      "text": "Bearded Axe by Tetrajak"
    },
    "description": {
      "text": "10 of 11 Banners"
    },
    "frame": "task",
    "show_toast": true,
    "announce_to_chat": false,
    "hidden": true
  },
  "criteria": {
    "mineshaft": {
      "trigger": "minecraft:inventory_changed",
      "conditions": {
				"items": [
					{
						"item": "minecraft:light_gray_banner",
						"nbt": "{display:{Name:\"{\\\"text\\\":\\\"Bearded Axe\\\"}\", Lore:[\"By Tetrajak\"]}, BlockEntityTag:{Patterns:[{Pattern:rs,Color:0},{Pattern:mr,Color:15},{Pattern:hhb,Color:15},{Pattern:ls,Color:12},{Pattern:bo,Color:15}]}}"
					}
				]
			}
    }
  }
}