{
  "parent": "minecraft:chest_loot/village",
  "display": {
    "icon": {
      "item": "minecraft:player_head",
			"nbt": "{display:{Name:\"{\\\"text\\\":\\\"Spool of Thread (white)\\\"}\"},SkullOwner:{Id:[I;1306959352,762679376,-1996554493,-2081790520],Properties:{textures:[{Value:\"eyJ0ZXh0dXJlcyI6eyJTS0lOIjp7InVybCI6Imh0dHA6Ly90ZXh0dXJlcy5taW5lY3JhZnQubmV0L3RleHR1cmUvMTY0NmE2MmZlYzJkZDk3ZjVlNGFhMzI5YWU0NDZjNjAxMWE4ZThlMmQ4MTdhZWViOGZkYzExY2M1NGVjMmViZSJ9fX0=\"}]}}}"
    },
    "title": {
      "text": "Spool of Thread (white)"
    },
    "description": {
      "text": "12 of 24 Player Heads"
    },
    "frame": "task",
    "show_toast": true,
    "announce_to_chat": false,
    "hidden": true
  },
  "criteria": {
    "mineshaft": {
      "trigger": "minecraft:inventory_changed",
      "conditions": {
				"items": [
					{
						"item": "minecraft:player_head",
						"nbt": "{display:{Name:\"{\\\"text\\\":\\\"Spool of Thread (white)\\\"}\"},SkullOwner:{Id:[I;1306959352,762679376,-1996554493,-2081790520],Properties:{textures:[{Value:\"eyJ0ZXh0dXJlcyI6eyJTS0lOIjp7InVybCI6Imh0dHA6Ly90ZXh0dXJlcy5taW5lY3JhZnQubmV0L3RleHR1cmUvMTY0NmE2MmZlYzJkZDk3ZjVlNGFhMzI5YWU0NDZjNjAxMWE4ZThlMmQ4MTdhZWViOGZkYzExY2M1NGVjMmViZSJ9fX0=\"}]}}}"
					}
				]
			}
    }
  }
}