{
  "parent": "minecraft:chest_loot/village",
  "display": {
    "icon": {
      "item": "minecraft:player_head",
			"nbt": "{display:{Name:\"{\\\"text\\\":\\\"Fish (head)\\\"}\"},SkullOwner:{Id:[I;1038590003,-2118500244,-1536805190,-1776983943],Properties:{textures:[{Value:\"eyJ0ZXh0dXJlcyI6eyJTS0lOIjp7InVybCI6Imh0dHA6Ly90ZXh0dXJlcy5taW5lY3JhZnQubmV0L3RleHR1cmUvY2M2ZWEzOTQzNTgxOGNjMTBjOTg0ZjE5MzVkYzZhNTRkZjFlNTQ3ZWVkZTM3ODljZmFhZmQyMDNjOWZhNmQxMyJ9fX0=\"}]}}}"
    },
    "title": {
      "text": "Fish Head"
    },
    "description": {
      "text": "5 of 24 Player Heads"
    },
    "frame": "task",
    "show_toast": true,
    "announce_to_chat": false,
    "hidden": true
  },
  "criteria": {
    "mineshaft": {
      "trigger": "minecraft:inventory_changed",
      "conditions": {
				"items": [
					{
						"item": "minecraft:player_head",
						"nbt": "{display:{Name:\"{\\\"text\\\":\\\"Fish (head)\\\"}\"},SkullOwner:{Id:[I;1038590003,-2118500244,-1536805190,-1776983943],Properties:{textures:[{Value:\"eyJ0ZXh0dXJlcyI6eyJTS0lOIjp7InVybCI6Imh0dHA6Ly90ZXh0dXJlcy5taW5lY3JhZnQubmV0L3RleHR1cmUvY2M2ZWEzOTQzNTgxOGNjMTBjOTg0ZjE5MzVkYzZhNTRkZjFlNTQ3ZWVkZTM3ODljZmFhZmQyMDNjOWZhNmQxMyJ9fX0=\"}]}}}"
					}
				]
			}
    }
  }
}