{
  "parent": "minecraft:chest_loot/village",
  "display": {
    "icon": {
      "item": "minecraft:player_head",
			"nbt": "{display:{Name:\"{\\\"text\\\":\\\"Ball of Wool (white)\\\"}\"},SkullOwner:{Id:[I;925663727,-750832822,-2144369677,-1949011008],Properties:{textures:[{Value:\"eyJ0ZXh0dXJlcyI6eyJTS0lOIjp7InVybCI6Imh0dHA6Ly90ZXh0dXJlcy5taW5lY3JhZnQubmV0L3RleHR1cmUvNDYzYTRlOTg4MmYxODkyMzNmOWJmMTEyMWI5NmI3OTliYjNmZDM3NzA1NGYzOWRkMTlhNWQ4M2JlMDFmZjYifX19\"}]}}}"
    },
    "title": {
      "text": "Ball of Wool (white)"
    },
    "description": {
      "text": "17 of 24 Player Heads"
    },
    "frame": "task",
    "show_toast": true,
    "announce_to_chat": false,
    "hidden": true
  },
  "criteria": {
    "mineshaft": {
      "trigger": "minecraft:inventory_changed",
      "conditions": {
				"items": [
					{
						"item": "minecraft:player_head",
						"nbt": "{display:{Name:\"{\\\"text\\\":\\\"Ball of Wool (white)\\\"}\"},SkullOwner:{Id:[I;925663727,-750832822,-2144369677,-1949011008],Properties:{textures:[{Value:\"eyJ0ZXh0dXJlcyI6eyJTS0lOIjp7InVybCI6Imh0dHA6Ly90ZXh0dXJlcy5taW5lY3JhZnQubmV0L3RleHR1cmUvNDYzYTRlOTg4MmYxODkyMzNmOWJmMTEyMWI5NmI3OTliYjNmZDM3NzA1NGYzOWRkMTlhNWQ4M2JlMDFmZjYifX19\"}]}}}"
					}
				]
			}
    }
  }
}