{
  "parent": "minecraft:chest_loot/village",
  "display": {
    "icon": {
      "item": "minecraft:player_head",
			"nbt": "{display:{Name:\"{\\\"text\\\":\\\"Enchanted Golden Apple\\\"}\"},SkullOwner:{Id:[I;-1374225621,-890748350,-1887123379,916838217],Properties:{textures:[{Value:\"eyJ0ZXh0dXJlcyI6eyJTS0lOIjp7InVybCI6Imh0dHA6Ly90ZXh0dXJlcy5taW5lY3JhZnQubmV0L3RleHR1cmUvZjlhMzg0YzU3MmJjMWJlMDc3NGE5NDM5MzVmZGRjNmFlNTM3ZWNhODY2ZGFkZGI2MzZkZWEwYmNmYzRmIn19fQ==\"}]}}}"
    },
    "title": {
      "text": "Enchanted Golden Apple"
    },
    "description": {
      "text": "20 of 24 Player Heads"
    },
    "frame": "task",
    "show_toast": true,
    "announce_to_chat": false,
    "hidden": true
  },
  "criteria": {
    "mineshaft": {
      "trigger": "minecraft:inventory_changed",
      "conditions": {
				"items": [
					{
						"item": "minecraft:player_head",
						"nbt": "{display:{Name:\"{\\\"text\\\":\\\"Enchanted Golden Apple\\\"}\"},SkullOwner:{Id:[I;-1374225621,-890748350,-1887123379,916838217],Properties:{textures:[{Value:\"eyJ0ZXh0dXJlcyI6eyJTS0lOIjp7InVybCI6Imh0dHA6Ly90ZXh0dXJlcy5taW5lY3JhZnQubmV0L3RleHR1cmUvZjlhMzg0YzU3MmJjMWJlMDc3NGE5NDM5MzVmZGRjNmFlNTM3ZWNhODY2ZGFkZGI2MzZkZWEwYmNmYzRmIn19fQ==\"}]}}}"
					}
				]
			}
    }
  }
}