{
  "parent": "minecraft:chest_loot/village",
  "display": {
    "icon": {
      "item": "minecraft:player_head",
			"nbt": "{display:{Name:\"{\\\"text\\\":\\\"Fish (body)\\\"}\"},SkullOwner:{Id:[I;1121712042,1784956163,-1709095258,309668126],Properties:{textures:[{Value:\"eyJ0ZXh0dXJlcyI6eyJTS0lOIjp7InVybCI6Imh0dHA6Ly90ZXh0dXJlcy5taW5lY3JhZnQubmV0L3RleHR1cmUvZmVkMjljMGI0ZjE3NWI2NDBhZmNhYjQ0NWJkMTI5YzhmYjhiYTdjNDY1MTJjYTU2M2YxMDExOTU5MzJhZDdmNCJ9fX0=\"}]}}}"
    },
    "title": {
      "text": "Fish Body"
    },
    "description": {
      "text": "7 of 24 Player Heads"
    },
    "frame": "task",
    "show_toast": true,
    "announce_to_chat": false,
    "hidden": true
  },
  "criteria": {
    "mineshaft": {
      "trigger": "minecraft:inventory_changed",
      "conditions": {
				"items": [
					{
						"item": "minecraft:player_head",
						"nbt": "{display:{Name:\"{\\\"text\\\":\\\"Fish (body)\\\"}\"},SkullOwner:{Id:[I;1121712042,1784956163,-1709095258,309668126],Properties:{textures:[{Value:\"eyJ0ZXh0dXJlcyI6eyJTS0lOIjp7InVybCI6Imh0dHA6Ly90ZXh0dXJlcy5taW5lY3JhZnQubmV0L3RleHR1cmUvZmVkMjljMGI0ZjE3NWI2NDBhZmNhYjQ0NWJkMTI5YzhmYjhiYTdjNDY1MTJjYTU2M2YxMDExOTU5MzJhZDdmNCJ9fX0=\"}]}}}"
					}
				]
			}
    }
  }
}