{
  "parent": "minecraft:chest_loot/village",
  "display": {
    "icon": {
      "item": "minecraft:player_head",
			"nbt": "{display:{Name:\"{\\\"text\\\":\\\"Stack of Carpets (rainbow)\\\"}\"},SkullOwner:{Id:[I;1645403077,-1355199707,-1482328559,-500862078],Properties:{textures:[{Value:\"eyJ0ZXh0dXJlcyI6eyJTS0lOIjp7InVybCI6Imh0dHA6Ly90ZXh0dXJlcy5taW5lY3JhZnQubmV0L3RleHR1cmUvZWZkOGJlZDJkZmU0YzMyMTY4Yzk3MjE1NGVlYTMzNWE4MDQyZTlkNjRiODUwNzY3YzZlYTA0Y2U4Zjg1ZjEyYSJ9fX0=\"}]}}}"
    },
    "title": {
      "text": "Stack of Carpets (rainbow)"
    },
    "description": {
      "text": "14 of 24 Player Heads"
    },
    "frame": "task",
    "show_toast": true,
    "announce_to_chat": false,
    "hidden": true
  },
  "criteria": {
    "mineshaft": {
      "trigger": "minecraft:inventory_changed",
      "conditions": {
				"items": [
					{
						"item": "minecraft:player_head",
						"nbt": "{display:{Name:\"{\\\"text\\\":\\\"Stack of Carpets (rainbow)\\\"}\"},SkullOwner:{Id:[I;1645403077,-1355199707,-1482328559,-500862078],Properties:{textures:[{Value:\"eyJ0ZXh0dXJlcyI6eyJTS0lOIjp7InVybCI6Imh0dHA6Ly90ZXh0dXJlcy5taW5lY3JhZnQubmV0L3RleHR1cmUvZWZkOGJlZDJkZmU0YzMyMTY4Yzk3MjE1NGVlYTMzNWE4MDQyZTlkNjRiODUwNzY3YzZlYTA0Y2U4Zjg1ZjEyYSJ9fX0=\"}]}}}"
					}
				]
			}
    }
  }
}