{
  "parent": "minecraft:chest_loot/village",
  "display": {
    "icon": {
      "item": "minecraft:player_head",
			"nbt": "{display:{Name:\"{\\\"text\\\":\\\"Chicken\\\"}\"},SkullOwner:{Id:[I;-178328912,103237980,-1522381923,624226043],Properties:{textures:[{Value:\"eyJ0ZXh0dXJlcyI6eyJTS0lOIjp7InVybCI6Imh0dHA6Ly90ZXh0dXJlcy5taW5lY3JhZnQubmV0L3RleHR1cmUvZjVkZGVmMzE2NmUxZjVlYmFjYjE3ODMyZWE0MGUwY2QzN2U4MmY0ZmVhNTc0ODM3MGY0OGUxODc2M2JhMTJkNSJ9fX0=\"}]}}}"
    },
    "title": {
      "text": "Chicken"
    },
    "description": {
      "text": "10 of 24 Player Heads"
    },
    "frame": "task",
    "show_toast": true,
    "announce_to_chat": false,
    "hidden": true
  },
  "criteria": {
    "mineshaft": {
      "trigger": "minecraft:inventory_changed",
      "conditions": {
				"items": [
					{
						"item": "minecraft:player_head",
						"nbt": "{display:{Name:\"{\\\"text\\\":\\\"Chicken\\\"}\"},SkullOwner:{Id:[I;-178328912,103237980,-1522381923,624226043],Properties:{textures:[{Value:\"eyJ0ZXh0dXJlcyI6eyJTS0lOIjp7InVybCI6Imh0dHA6Ly90ZXh0dXJlcy5taW5lY3JhZnQubmV0L3RleHR1cmUvZjVkZGVmMzE2NmUxZjVlYmFjYjE3ODMyZWE0MGUwY2QzN2U4MmY0ZmVhNTc0ODM3MGY0OGUxODc2M2JhMTJkNSJ9fX0=\"}]}}}"
					}
				]
			}
    }
  }
}