{
  "parent": "minecraft:chest_loot/village",
  "display": {
    "icon": {
      "item": "minecraft:player_head",
			"nbt": "{display:{Name:\"{\\\"text\\\":\\\"Fish (Tail)\\\"}\"},SkullOwner:{Id:[I;-1717619766,-217956242,-1798694691,-275044875],Properties:{textures:[{Value:\"eyJ0ZXh0dXJlcyI6eyJTS0lOIjp7InVybCI6Imh0dHA6Ly90ZXh0dXJlcy5taW5lY3JhZnQubmV0L3RleHR1cmUvOGQ3NTNkY2NjZDA3MTkzOTBhZGYxYTMyYWQzZGZiNGRmNzI3NTdiMzM5MjFkNTY2MmQwYmE2NmJhMzkyNWVlZiJ9fX0=\"}]}}}"
    },
    "title": {
      "text": "Fish Tail"
    },
    "description": {
      "text": "6 of 24 Player Heads"
    },
    "frame": "task",
    "show_toast": true,
    "announce_to_chat": false,
    "hidden": true
  },
  "criteria": {
    "mineshaft": {
      "trigger": "minecraft:inventory_changed",
      "conditions": {
				"items": [
					{
						"item": "minecraft:player_head",
						"nbt": "{display:{Name:\"{\\\"text\\\":\\\"Fish (Tail)\\\"}\"},SkullOwner:{Id:[I;-1717619766,-217956242,-1798694691,-275044875],Properties:{textures:[{Value:\"eyJ0ZXh0dXJlcyI6eyJTS0lOIjp7InVybCI6Imh0dHA6Ly90ZXh0dXJlcy5taW5lY3JhZnQubmV0L3RleHR1cmUvOGQ3NTNkY2NjZDA3MTkzOTBhZGYxYTMyYWQzZGZiNGRmNzI3NTdiMzM5MjFkNTY2MmQwYmE2NmJhMzkyNWVlZiJ9fX0=\"}]}}}"
					}
				]
			}
    }
  }
}