{
  "parent": "minecraft:chest_loot/village",
  "display": {
    "icon": {
      "item": "minecraft:player_head",
			"nbt": "{display:{Name:\"{\\\"text\\\":\\\"Anvil\\\"}\"},SkullOwner:{Id:[I;355919368,2133607310,-2134641083,-1762219908],Properties:{textures:[{Value:\"eyJ0ZXh0dXJlcyI6eyJTS0lOIjp7InVybCI6Imh0dHA6Ly90ZXh0dXJlcy5taW5lY3JhZnQubmV0L3RleHR1cmUvZTg1NWIzZTFkOWE3YjlmZDc2YTc3NmZhNGVlYzg3MWQ1MmVkMjY5MzI1Mzg2MjhjNDNkZTMyZDFkMmQ3NDMifX19\"}]}}}"
    },
    "title": {
      "text": "Anvil"
    },
    "description": {
      "text": "24 of 24 Player Heads"
    },
    "frame": "task",
    "show_toast": true,
    "announce_to_chat": false,
    "hidden": true
  },
  "criteria": {
    "mineshaft": {
      "trigger": "minecraft:inventory_changed",
      "conditions": {
				"items": [
					{
						"item": "minecraft:player_head",
						"nbt": "{display:{Name:\"{\\\"text\\\":\\\"Anvil\\\"}\"},SkullOwner:{Id:[I;355919368,2133607310,-2134641083,-1762219908],Properties:{textures:[{Value:\"eyJ0ZXh0dXJlcyI6eyJTS0lOIjp7InVybCI6Imh0dHA6Ly90ZXh0dXJlcy5taW5lY3JhZnQubmV0L3RleHR1cmUvZTg1NWIzZTFkOWE3YjlmZDc2YTc3NmZhNGVlYzg3MWQ1MmVkMjY5MzI1Mzg2MjhjNDNkZTMyZDFkMmQ3NDMifX19\"}]}}}"
					}
				]
			}
    }
  }
}