{
  "parent": "minecraft:chest_loot/village",
  "display": {
    "icon": {
      "item": "minecraft:player_head",
			"nbt": "{display:{Name:\"{\\\"text\\\":\\\"Ball of Wool (light gray)\\\"}\"},SkullOwner:{Id:[I;-620095771,1939528289,491386523,-1222054295],Properties:{textures:[{Value:\"eyJ0ZXh0dXJlcyI6eyJTS0lOIjp7InVybCI6Imh0dHA6Ly90ZXh0dXJlcy5taW5lY3JhZnQubmV0L3RleHR1cmUvNDBmZDY3OTc4MDE0OTY5YzVmNTE3MmJmMzlkMjQzNDcyODFkNmQ5NWFlNzBmMTliNDlkODRmMWY4ZmVlNjg1In19fQ==\"}]}}}"
    },
    "title": {
      "text": "Ball of Wool (light gray)"
    },
    "description": {
      "text": "19 of 24 Player Heads"
    },
    "frame": "task",
    "show_toast": true,
    "announce_to_chat": false,
    "hidden": true
  },
  "criteria": {
    "mineshaft": {
      "trigger": "minecraft:inventory_changed",
      "conditions": {
				"items": [
					{
						"item": "minecraft:player_head",
						"nbt": "{display:{Name:\"{\\\"text\\\":\\\"Ball of Wool (light gray)\\\"}\"},SkullOwner:{Id:[I;-620095771,1939528289,491386523,-1222054295],Properties:{textures:[{Value:\"eyJ0ZXh0dXJlcyI6eyJTS0lOIjp7InVybCI6Imh0dHA6Ly90ZXh0dXJlcy5taW5lY3JhZnQubmV0L3RleHR1cmUvNDBmZDY3OTc4MDE0OTY5YzVmNTE3MmJmMzlkMjQzNDcyODFkNmQ5NWFlNzBmMTliNDlkODRmMWY4ZmVlNjg1In19fQ==\"}]}}}"
					}
				]
			}
    }
  }
}