{
  "parent": "minecraft:chest_loot/village",
  "display": {
    "icon": {
      "item": "minecraft:player_head",
			"nbt": "{display:{Name:\"{\\\"text\\\":\\\"Old Globe\\\"}\"},SkullOwner:{Id:[I;73712789,43074570,-1676035569,-243698335],Properties:{textures:[{Value:\"eyJ0ZXh0dXJlcyI6eyJTS0lOIjp7InVybCI6Imh0dHA6Ly90ZXh0dXJlcy5taW5lY3JhZnQubmV0L3RleHR1cmUvNGQ0OGU3NWZmNTVjYjU3NTMzYzdiOTA0YmU4ODdhMzc0OTI1ZjkzODMyZjdhZTE2Yjc5MjM5ODdlOTcwIn19fQ==\"}]}}}"
    },
    "title": {
      "text": "Old Globe"
    },
    "description": {
      "text": "4 of 24 Player Heads"
    },
    "frame": "task",
    "show_toast": true,
    "announce_to_chat": false,
    "hidden": true
  },
  "criteria": {
    "mineshaft": {
      "trigger": "minecraft:inventory_changed",
      "conditions": {
				"items": [
					{
						"item": "minecraft:player_head",
						"nbt": "{display:{Name:\"{\\\"text\\\":\\\"Old Globe\\\"}\"},SkullOwner:{Id:[I;73712789,43074570,-1676035569,-243698335],Properties:{textures:[{Value:\"eyJ0ZXh0dXJlcyI6eyJTS0lOIjp7InVybCI6Imh0dHA6Ly90ZXh0dXJlcy5taW5lY3JhZnQubmV0L3RleHR1cmUvNGQ0OGU3NWZmNTVjYjU3NTMzYzdiOTA0YmU4ODdhMzc0OTI1ZjkzODMyZjdhZTE2Yjc5MjM5ODdlOTcwIn19fQ==\"}]}}}"
					}
				]
			}
    }
  }
}