{
  "parent": "minecraft:chest_loot/village",
  "display": {
    "icon": {
      "item": "minecraft:player_head",
			"nbt": "{display:{Name:\"{\\\"text\\\":\\\"Holiday Ham\\\"}\"},SkullOwner:{Id:[I;-1169977072,149440399,-1520409893,1648103895],Properties:{textures:[{Value:\"eyJ0ZXh0dXJlcyI6eyJTS0lOIjp7InVybCI6Imh0dHA6Ly90ZXh0dXJlcy5taW5lY3JhZnQubmV0L3RleHR1cmUvYzdjN2IyYzFmMjhkMWE0YzRlOGU0MjZjOTE3ZjQ4NGIxM2NmODAyMzdiZGFhMDc3YWJiNDFkNGM0MTBhYjU4NCJ9fX0=\"}]}}}"
    },
    "title": {
      "text": "Holiday Ham"
    },
    "description": {
      "text": "2 of 24 Player Heads"
    },
    "frame": "task",
    "show_toast": true,
    "announce_to_chat": false,
    "hidden": true
  },
  "criteria": {
    "mineshaft": {
      "trigger": "minecraft:inventory_changed",
      "conditions": {
				"items": [
					{
						"item": "minecraft:player_head",
						"nbt": "{display:{Name:\"{\\\"text\\\":\\\"Holiday Ham\\\"}\"},SkullOwner:{Id:[I;-1169977072,149440399,-1520409893,1648103895],Properties:{textures:[{Value:\"eyJ0ZXh0dXJlcyI6eyJTS0lOIjp7InVybCI6Imh0dHA6Ly90ZXh0dXJlcy5taW5lY3JhZnQubmV0L3RleHR1cmUvYzdjN2IyYzFmMjhkMWE0YzRlOGU0MjZjOTE3ZjQ4NGIxM2NmODAyMzdiZGFhMDc3YWJiNDFkNGM0MTBhYjU4NCJ9fX0=\"}]}}}"
					}
				]
			}
    }
  }
}