{
  "parent": "minecraft:chest_loot/village",
  "display": {
    "icon": {
      "item": "minecraft:player_head",
			"nbt": "{display:{Name:\"{\\\"text\\\":\\\"Ball of Wool (pink)\\\"}\"},SkullOwner:{Id:[I;-800223295,-427281656,-1501104488,-2122301888],Properties:{textures:[{Value:\"eyJ0ZXh0dXJlcyI6eyJTS0lOIjp7InVybCI6Imh0dHA6Ly90ZXh0dXJlcy5taW5lY3JhZnQubmV0L3RleHR1cmUvMWI0ZWFjZWRiYjEzNWZlMTEwNzcyMWZhYmFiOTFhYjZjYjc4YjBmNDM2ZTQ1YmE2OTBjMzQ5N2M3ZGU4M2U3NyJ9fX0=\"}]}}}"
    },
    "title": {
      "text": "Ball of Wool (pink)"
    },
    "description": {
      "text": "15 of 24 Player Heads"
    },
    "frame": "task",
    "show_toast": true,
    "announce_to_chat": false,
    "hidden": true
  },
  "criteria": {
    "mineshaft": {
      "trigger": "minecraft:inventory_changed",
      "conditions": {
				"items": [
					{
						"item": "minecraft:player_head",
						"nbt": "{display:{Name:\"{\\\"text\\\":\\\"Ball of Wool (pink)\\\"}\"},SkullOwner:{Id:[I;-800223295,-427281656,-1501104488,-2122301888],Properties:{textures:[{Value:\"eyJ0ZXh0dXJlcyI6eyJTS0lOIjp7InVybCI6Imh0dHA6Ly90ZXh0dXJlcy5taW5lY3JhZnQubmV0L3RleHR1cmUvMWI0ZWFjZWRiYjEzNWZlMTEwNzcyMWZhYmFiOTFhYjZjYjc4YjBmNDM2ZTQ1YmE2OTBjMzQ5N2M3ZGU4M2U3NyJ9fX0=\"}]}}}"
					}
				]
			}
    }
  }
}