{
  "parent": "minecraft:chest_loot/village",
  "display": {
    "icon": {
      "item": "minecraft:player_head",
			"nbt": "{display:{Name:\"{\\\"text\\\":\\\"Golden Apple\\\"}\"},SkullOwner:{Id:[I;784740009,403197228,-1987654855,1702013613],Properties:{textures:[{Value:\"eyJ0ZXh0dXJlcyI6eyJTS0lOIjp7InVybCI6Imh0dHA6Ly90ZXh0dXJlcy5taW5lY3JhZnQubmV0L3RleHR1cmUvMjI4NjhlYzZkYmRiYjZiZWNmNjk4ZGExMzZlN2E2Y2QyOGUxOTMxNDc5NmNlMjZhM2Y2N2Q2YWI2NTZlYjIxOSJ9fX0=\"}]}}}"
    },
    "title": {
      "text": "Golden Apple"
    },
    "description": {
      "text": "21 of 24 Player Heads"
    },
    "frame": "task",
    "show_toast": true,
    "announce_to_chat": false,
    "hidden": true
  },
  "criteria": {
    "mineshaft": {
      "trigger": "minecraft:inventory_changed",
      "conditions": {
				"items": [
					{
						"item": "minecraft:player_head",
						"nbt": "{display:{Name:\"{\\\"text\\\":\\\"Golden Apple\\\"}\"},SkullOwner:{Id:[I;784740009,403197228,-1987654855,1702013613],Properties:{textures:[{Value:\"eyJ0ZXh0dXJlcyI6eyJTS0lOIjp7InVybCI6Imh0dHA6Ly90ZXh0dXJlcy5taW5lY3JhZnQubmV0L3RleHR1cmUvMjI4NjhlYzZkYmRiYjZiZWNmNjk4ZGExMzZlN2E2Y2QyOGUxOTMxNDc5NmNlMjZhM2Y2N2Q2YWI2NTZlYjIxOSJ9fX0=\"}]}}}"
					}
				]
			}
    }
  }
}