{
  "parent": "minecraft:chest_loot/village",
  "display": {
    "icon": {
      "item": "minecraft:player_head",
			"nbt": "{display:{Name:\"{\\\"text\\\":\\\"Ball of Wool (black)\\\"}\"},SkullOwner:{Id:[I;-2056933331,515234262,-1788566512,1995956914],Properties:{textures:[{Value:\"eyJ0ZXh0dXJlcyI6eyJTS0lOIjp7InVybCI6Imh0dHA6Ly90ZXh0dXJlcy5taW5lY3JhZnQubmV0L3RleHR1cmUvNWFjOTFhYjI1ODM2ZDEzNDgzODY0Y2RkYmQ0MzJkYmIyMmQ0YWMyOTNmMWM5OWZiMjg5MTljZjM5YzMifX19\"}]}}}"
    },
    "title": {
      "text": "Ball of Wool (black)"
    },
    "description": {
      "text": "18 of 24 Player Heads"
    },
    "frame": "task",
    "show_toast": true,
    "announce_to_chat": false,
    "hidden": true
  },
  "criteria": {
    "mineshaft": {
      "trigger": "minecraft:inventory_changed",
      "conditions": {
				"items": [
					{
						"item": "minecraft:player_head",
						"nbt": "{display:{Name:\"{\\\"text\\\":\\\"Ball of Wool (black)\\\"}\"},SkullOwner:{Id:[I;-2056933331,515234262,-1788566512,1995956914],Properties:{textures:[{Value:\"eyJ0ZXh0dXJlcyI6eyJTS0lOIjp7InVybCI6Imh0dHA6Ly90ZXh0dXJlcy5taW5lY3JhZnQubmV0L3RleHR1cmUvNWFjOTFhYjI1ODM2ZDEzNDgzODY0Y2RkYmQ0MzJkYmIyMmQ0YWMyOTNmMWM5OWZiMjg5MTljZjM5YzMifX19\"}]}}}"
					}
				]
			}
    }
  }
}