{
  "parent": "minecraft:chest_loot/village",
  "display": {
    "icon": {
      "item": "minecraft:player_head",
			"nbt": "{display:{Name:\"{\\\"text\\\":\\\"Globe\\\"}\"},SkullOwner:{Id:[I;1808842702,-467384243,-1598360380,1120367588],Properties:{textures:[{Value:\"eyJ0ZXh0dXJlcyI6eyJTS0lOIjp7InVybCI6Imh0dHA6Ly90ZXh0dXJlcy5taW5lY3JhZnQubmV0L3RleHR1cmUvMmUyY2M0MjAxNWU2Njc4ZjhmZDQ5Y2NjMDFmYmY3ODdmMWJhMmMzMmJjZjU1OWEwMTUzMzJmYzVkYjUwIn19fQ==\"}]}}}"
    },
    "title": {
      "text": "Globe"
    },
    "description": {
      "text": "3 of 24 Player Heads"
    },
    "frame": "task",
    "show_toast": true,
    "announce_to_chat": false,
    "hidden": true
  },
  "criteria": {
    "mineshaft": {
      "trigger": "minecraft:inventory_changed",
      "conditions": {
				"items": [
					{
						"item": "minecraft:player_head",
						"nbt": "{display:{Name:\"{\\\"text\\\":\\\"Globe\\\"}\"},SkullOwner:{Id:[I;1808842702,-467384243,-1598360380,1120367588],Properties:{textures:[{Value:\"eyJ0ZXh0dXJlcyI6eyJTS0lOIjp7InVybCI6Imh0dHA6Ly90ZXh0dXJlcy5taW5lY3JhZnQubmV0L3RleHR1cmUvMmUyY2M0MjAxNWU2Njc4ZjhmZDQ5Y2NjMDFmYmY3ODdmMWJhMmMzMmJjZjU1OWEwMTUzMzJmYzVkYjUwIn19fQ==\"}]}}}"
					}
				]
			}
    }
  }
}