{
  "parent": "minecraft:chest_loot/village",
  "display": {
    "icon": {
      "item": "minecraft:player_head",
			"nbt": "{display:{Name:\"{\\\"text\\\":\\\"Jar Of Holy Water\\\"}\"},SkullOwner:{Id:[I;-662738059,-726841490,-1295390217,2837411],Properties:{textures:[{Value:\"eyJ0ZXh0dXJlcyI6eyJTS0lOIjp7InVybCI6Imh0dHA6Ly90ZXh0dXJlcy5taW5lY3JhZnQubmV0L3RleHR1cmUvYzBlNjFmYmMyNGEyNmQxMmNiMWJjZDlhOGZjMGRjYjgzNjE2MDkwNjdlOWI1ZWFiMTlmY2MxY2FlYWE1ZWI0In19fQ==\"}]}}}"
    },
    "title": {
      "text": "Jar of Holy Water"
    },
    "description": {
      "text": "22 of 24 Player Heads"
    },
    "frame": "task",
    "show_toast": true,
    "announce_to_chat": false,
    "hidden": true
  },
  "criteria": {
    "mineshaft": {
      "trigger": "minecraft:inventory_changed",
      "conditions": {
				"items": [
					{
						"item": "minecraft:player_head",
						"nbt": "{display:{Name:\"{\\\"text\\\":\\\"Jar Of Holy Water\\\"}\"},SkullOwner:{Id:[I;-662738059,-726841490,-1295390217,2837411],Properties:{textures:[{Value:\"eyJ0ZXh0dXJlcyI6eyJTS0lOIjp7InVybCI6Imh0dHA6Ly90ZXh0dXJlcy5taW5lY3JhZnQubmV0L3RleHR1cmUvYzBlNjFmYmMyNGEyNmQxMmNiMWJjZDlhOGZjMGRjYjgzNjE2MDkwNjdlOWI1ZWFiMTlmY2MxY2FlYWE1ZWI0In19fQ==\"}]}}}"
					}
				]
			}
    }
  }
}