{
  "parent": "minecraft:chest_loot/village",
  "display": {
    "icon": {
      "item": "minecraft:player_head",
			"nbt": "{display:{Name:\"{\\\"text\\\":\\\"Spool of Thread (black)\\\"}\"},SkullOwner:{Id:[I;-710603200,410548388,-68917733,1210408967],Properties:{textures:[{Value:\"eyJ0ZXh0dXJlcyI6eyJTS0lOIjp7InVybCI6Imh0dHA6Ly90ZXh0dXJlcy5taW5lY3JhZnQubmV0L3RleHR1cmUvNWQzMTY2OGQxMTYzOTdmYTdiY2JlODk0NGQ1MWQyMjkwOWUzYjgwYzlkM2RkZTE5ZmY0ODZmZGRmZTA2ZCJ9fX0=\"}]}}}"
    },
    "title": {
      "text": "Spool of Thread (black)"
    },
    "description": {
      "text": "13 of 24 Player Heads"
    },
    "frame": "task",
    "show_toast": true,
    "announce_to_chat": false,
    "hidden": true
  },
  "criteria": {
    "mineshaft": {
      "trigger": "minecraft:inventory_changed",
      "conditions": {
				"items": [
					{
						"item": "minecraft:player_head",
						"nbt": "{display:{Name:\"{\\\"text\\\":\\\"Spool of Thread (black)\\\"}\"},SkullOwner:{Id:[I;-710603200,410548388,-68917733,1210408967],Properties:{textures:[{Value:\"eyJ0ZXh0dXJlcyI6eyJTS0lOIjp7InVybCI6Imh0dHA6Ly90ZXh0dXJlcy5taW5lY3JhZnQubmV0L3RleHR1cmUvNWQzMTY2OGQxMTYzOTdmYTdiY2JlODk0NGQ1MWQyMjkwOWUzYjgwYzlkM2RkZTE5ZmY0ODZmZGRmZTA2ZCJ9fX0=\"}]}}}"
					}
				]
			}
    }
  }
}