{
  "parent": "minecraft:chest_loot/village",
  "display": {
    "icon": {
      "item": "minecraft:player_head",
			"nbt": "{display:{Name:\"{\\\"text\\\":\\\"Target\\\"}\"},SkullOwner:{Id:[I;-1617600948,-1877063377,-1682010996,-140842902],Properties:{textures:[{Value:\"eyJ0ZXh0dXJlcyI6eyJTS0lOIjp7InVybCI6Imh0dHA6Ly90ZXh0dXJlcy5taW5lY3JhZnQubmV0L3RleHR1cmUvNWQ4ZTFlYmM4M2YwZjU2NjI4MjFiYzY2MDA5ODFlMTdmM2NlMjZiMjU3NGVkZjY3ZGUyMjhjNzQ5NDgxZjIzMCJ9fX0=\"}]}}}"
    },
    "title": {
      "text": "Target"
    },
    "description": {
      "text": "9 of 24 Player Heads"
    },
    "frame": "task",
    "show_toast": true,
    "announce_to_chat": false,
    "hidden": true
  },
  "criteria": {
    "mineshaft": {
      "trigger": "minecraft:inventory_changed",
      "conditions": {
				"items": [
					{
						"item": "minecraft:player_head",
						"nbt": "{display:{Name:\"{\\\"text\\\":\\\"Target\\\"}\"},SkullOwner:{Id:[I;-1617600948,-1877063377,-1682010996,-140842902],Properties:{textures:[{Value:\"eyJ0ZXh0dXJlcyI6eyJTS0lOIjp7InVybCI6Imh0dHA6Ly90ZXh0dXJlcy5taW5lY3JhZnQubmV0L3RleHR1cmUvNWQ4ZTFlYmM4M2YwZjU2NjI4MjFiYzY2MDA5ODFlMTdmM2NlMjZiMjU3NGVkZjY3ZGUyMjhjNzQ5NDgxZjIzMCJ9fX0=\"}]}}}"
					}
				]
			}
    }
  }
}