{
  "parent": "minecraft:chest_loot/village",
  "display": {
    "icon": {
      "item": "minecraft:player_head",
			"nbt": "{display:{Name:\"{\\\"text\\\":\\\"Iron Ingots\\\"}\"},SkullOwner:{Id:[I;-679585275,275596174,-1314527187,-1621836145],Properties:{textures:[{Value:\"eyJ0ZXh0dXJlcyI6eyJTS0lOIjp7InVybCI6Imh0dHA6Ly90ZXh0dXJlcy5taW5lY3JhZnQubmV0L3RleHR1cmUvYTAyZjRhOWQxODJjYzYyNTkyNWU1ZGVhN2UyOWQxM2E5NDhhZDY0ZmY0Mjg3MTc4YWYyM2EwNDI4ZTFmYTU0ZSJ9fX0=\"}]}}}"
    },
    "title": {
      "text": "Iron Ingots"
    },
    "description": {
      "text": "23 of 24 Player Heads"
    },
    "frame": "task",
    "show_toast": true,
    "announce_to_chat": false,
    "hidden": true
  },
  "criteria": {
    "mineshaft": {
      "trigger": "minecraft:inventory_changed",
      "conditions": {
				"items": [
					{
						"item": "minecraft:player_head",
						"nbt": "{display:{Name:\"{\\\"text\\\":\\\"Iron Ingots\\\"}\"},SkullOwner:{Id:[I;-679585275,275596174,-1314527187,-1621836145],Properties:{textures:[{Value:\"eyJ0ZXh0dXJlcyI6eyJTS0lOIjp7InVybCI6Imh0dHA6Ly90ZXh0dXJlcy5taW5lY3JhZnQubmV0L3RleHR1cmUvYTAyZjRhOWQxODJjYzYyNTkyNWU1ZGVhN2UyOWQxM2E5NDhhZDY0ZmY0Mjg3MTc4YWYyM2EwNDI4ZTFmYTU0ZSJ9fX0=\"}]}}}"
					}
				]
			}
    }
  }
}