{
  "parent": "minecraft:chest_loot/village",
  "display": {
    "icon": {
      "item": "minecraft:player_head",
			"nbt": "{display:{Name:\"{\\\"text\\\":\\\"Chick\\\"}\"},SkullOwner:{Id:[I;1835286190,1600931274,-1598155442,1062299323],Properties:{textures:[{Value:\"eyJ0ZXh0dXJlcyI6eyJTS0lOIjp7InVybCI6Imh0dHA6Ly90ZXh0dXJlcy5taW5lY3JhZnQubmV0L3RleHR1cmUvYTRkODE2YTQ3NWIzZjMxM2I2MjBkNjViZjkzNTg5MzFiNDZhZjljOGY0ZTdjOWFlNjQ3MDg4ODBiZWE2YmUifX19\"}]}}}"
    },
    "title": {
      "text": "Chick"
    },
    "description": {
      "text": "11 of 24 Player Heads"
    },
    "frame": "task",
    "show_toast": true,
    "announce_to_chat": false,
    "hidden": true
  },
  "criteria": {
    "mineshaft": {
      "trigger": "minecraft:inventory_changed",
      "conditions": {
				"items": [
					{
						"item": "minecraft:player_head",
						"nbt": "{display:{Name:\"{\\\"text\\\":\\\"Chick\\\"}\"},SkullOwner:{Id:[I;1835286190,1600931274,-1598155442,1062299323],Properties:{textures:[{Value:\"eyJ0ZXh0dXJlcyI6eyJTS0lOIjp7InVybCI6Imh0dHA6Ly90ZXh0dXJlcy5taW5lY3JhZnQubmV0L3RleHR1cmUvYTRkODE2YTQ3NWIzZjMxM2I2MjBkNjViZjkzNTg5MzFiNDZhZjljOGY0ZTdjOWFlNjQ3MDg4ODBiZWE2YmUifX19\"}]}}}"
					}
				]
			}
    }
  }
}