{
  "parent": "minecraft:chest_loot/village",
  "display": {
    "icon": {
      "item": "minecraft:player_head",
			"nbt": "{display:{Name:\"{\\\"text\\\":\\\"Ball of Wool (brown)\\\"}\"},SkullOwner:{Id:[I;1025486168,-1010656177,-753834913,317014490],Properties:{textures:[{Value:\"eyJ0ZXh0dXJlcyI6eyJTS0lOIjp7InVybCI6Imh0dHA6Ly90ZXh0dXJlcy5taW5lY3JhZnQubmV0L3RleHR1cmUvZjcxOGJmNzkzZTc2MWI4MjI1ZDBkZDA0YTMwOTQzNGFkZjdlMzRjYjljYTg5NWVmM2IzMTYzZTU2MjgyNSJ9fX0=\"}]}}}"
    },
    "title": {
      "text": "Ball of Wool (brown)"
    },
    "description": {
      "text": "16 of 24 Player Heads"
    },
    "frame": "task",
    "show_toast": true,
    "announce_to_chat": false,
    "hidden": true
  },
  "criteria": {
    "mineshaft": {
      "trigger": "minecraft:inventory_changed",
      "conditions": {
				"items": [
					{
						"item": "minecraft:player_head",
						"nbt": "{display:{Name:\"{\\\"text\\\":\\\"Ball of Wool (brown)\\\"}\"},SkullOwner:{Id:[I;1025486168,-1010656177,-753834913,317014490],Properties:{textures:[{Value:\"eyJ0ZXh0dXJlcyI6eyJTS0lOIjp7InVybCI6Imh0dHA6Ly90ZXh0dXJlcy5taW5lY3JhZnQubmV0L3RleHR1cmUvZjcxOGJmNzkzZTc2MWI4MjI1ZDBkZDA0YTMwOTQzNGFkZjdlMzRjYjljYTg5NWVmM2IzMTYzZTU2MjgyNSJ9fX0=\"}]}}}"
					}
				]
			}
    }
  }
}