{
  "parent": "minecraft:chest_loot/village",
  "display": {
    "icon": {
      "item": "minecraft:bow",
			"nbt": "{display:{Name:\"{\\\"text\\\":\\\"Punchy\\\"}\", Lore:[\"Packs a punch\"]}, RepairCost:99, Enchantments:[{lvl:7s, id:\"minecraft:punch\"}]}"
    },
    "title": {
      "text": "Punchy"
    },
    "description": {
      "text": "1 of 2 Unique Items"
    },
    "frame": "task",
    "show_toast": true,
    "announce_to_chat": false,
    "hidden": true
  },
  "criteria": {
    "mineshaft": {
      "trigger": "minecraft:inventory_changed",
      "conditions": {
				"items": [
					{
						"item": "minecraft:bow",
						"nbt": "{display:{Name:\"{\\\"text\\\":\\\"Punchy\\\"}\", Lore:[\"Packs a punch\"]}, RepairCost:99, Enchantments:[{lvl:7s, id:\"minecraft:punch\"}]}"
					}
				]
			}
    }
  }
}