{
  "parent": "minecraft:chest_loot/village",
  "display": {
    "icon": {
      "item": "minecraft:stick",
			"nbt": "{display:{Name:\"{\\\"text\\\":\\\"Ugly Stick\\\"}\", Lore:[\"Fling your enemies away\"]}, Enchantments:[{id:\"minecraft:knockback\", lvl:7s}], RepairCost:99}"
    },
    "title": {
      "text": "Ugly Stick"
    },
    "description": {
      "text": "2 of 2 Unique Items"
    },
    "frame": "task",
    "show_toast": true,
    "announce_to_chat": false,
    "hidden": true
  },
  "criteria": {
    "mineshaft": {
      "trigger": "minecraft:inventory_changed",
      "conditions": {
				"items": [
					{
						"item": "minecraft:stick",
						"nbt": "{display:{Name:\"{\\\"text\\\":\\\"Ugly Stick\\\"}\", Lore:[\"Fling your enemies away\"]}, Enchantments:[{id:\"minecraft:knockback\", lvl:7s}], RepairCost:99}"
					}
				]
			}
    }
  }
}