{
  "parent": "minecraft:chest_loot/jungle_pyramid",
  "display": {
    "icon": {
      "item": "minecraft:player_head",
			"nbt": "{display:{Name:\"{\\\"text\\\":\\\"Voodoo Doll\\\"}\"},SkullOwner:{Id:[I;2132235447,-1030076827,-1638201038,-969733656],Properties:{textures:[{Value:\"eyJ0ZXh0dXJlcyI6eyJTS0lOIjp7InVybCI6Imh0dHA6Ly90ZXh0dXJlcy5taW5lY3JhZnQubmV0L3RleHR1cmUvZGM1YWZmNjlhNjk5ODkyOTQ3OTY5YzczNWY3MzA2ZDE4YWNiMDYxNzUxNWNjN2I0NDkxNGNkMTZkODgyMGQ1MiJ9fX0=\"}]}}}"
    },
    "title": {
      "text": "Voodoo Doll"
    },
    "description": {
      "text": "3 of 9 Player Heads"
    },
    "frame": "task",
    "show_toast": true,
    "announce_to_chat": false,
    "hidden": true
  },
  "criteria": {
    "mineshaft": {
      "trigger": "minecraft:inventory_changed",
      "conditions": {
				"items": [
					{
						"item": "minecraft:player_head",
						"nbt": "{display:{Name:\"{\\\"text\\\":\\\"Voodoo Doll\\\"}\"},SkullOwner:{Id:[I;2132235447,-1030076827,-1638201038,-969733656],Properties:{textures:[{Value:\"eyJ0ZXh0dXJlcyI6eyJTS0lOIjp7InVybCI6Imh0dHA6Ly90ZXh0dXJlcy5taW5lY3JhZnQubmV0L3RleHR1cmUvZGM1YWZmNjlhNjk5ODkyOTQ3OTY5YzczNWY3MzA2ZDE4YWNiMDYxNzUxNWNjN2I0NDkxNGNkMTZkODgyMGQ1MiJ9fX0=\"}]}}}"
					}
				]
			}
    }
  }
}