{
  "parent": "minecraft:chest_loot/jungle_pyramid",
  "display": {
    "icon": {
      "item": "minecraft:player_head",
			"nbt": "{display:{Name:\"{\\\"text\\\":\\\"Golden Chalice\\\"}\"},SkullOwner:{Id:[I;111496894,-1866644041,-1418268745,1013404984],Properties:{textures:[{Value:\"eyJ0ZXh0dXJlcyI6eyJTS0lOIjp7InVybCI6Imh0dHA6Ly90ZXh0dXJlcy5taW5lY3JhZnQubmV0L3RleHR1cmUvNTc1MWIyYzMxMWFjZDQ4ZTA2ZjcxNTA4YzY4NzM1ZmU5ZjNhNGY0ZDc1YjllZjFhMjRmYTEzMzNkNzcifX19\"}]}}}"
    },
    "title": {
      "text": "Golden Chalice"
    },
    "description": {
      "text": "1 of 9 Player Heads"
    },
    "frame": "task",
    "show_toast": true,
    "announce_to_chat": false,
    "hidden": true
  },
  "criteria": {
    "mineshaft": {
      "trigger": "minecraft:inventory_changed",
      "conditions": {
				"items": [
					{
						"item": "minecraft:player_head",
						"nbt": "{display:{Name:\"{\\\"text\\\":\\\"Golden Chalice\\\"}\"},SkullOwner:{Id:[I;111496894,-1866644041,-1418268745,1013404984],Properties:{textures:[{Value:\"eyJ0ZXh0dXJlcyI6eyJTS0lOIjp7InVybCI6Imh0dHA6Ly90ZXh0dXJlcy5taW5lY3JhZnQubmV0L3RleHR1cmUvNTc1MWIyYzMxMWFjZDQ4ZTA2ZjcxNTA4YzY4NzM1ZmU5ZjNhNGY0ZDc1YjllZjFhMjRmYTEzMzNkNzcifX19\"}]}}}"
					}
				]
			}
    }
  }
}