{
  "parent": "minecraft:chest_loot/jungle_pyramid",
  "display": {
    "icon": {
      "item": "minecraft:player_head",
			"nbt": "{display:{Name:\"{\\\"text\\\":\\\"Bamboo\\\"}\"},SkullOwner:{Id:[I;1010338952,-1682616408,-1291782370,-1872320964],Properties:{textures:[{Value:\"eyJ0ZXh0dXJlcyI6eyJTS0lOIjp7InVybCI6Imh0dHA6Ly90ZXh0dXJlcy5taW5lY3JhZnQubmV0L3RleHR1cmUvMTg3NTAzMDI2NTEyYmUyZTQxN2NkZWUzY2Q3ODMzOWM0Y2FmMDljYWI1MjgyMzY4NjU3MmQwMTJlOWQxOTgwMiJ9fX0=\"}]}}}"
    },
    "title": {
      "text": "Bamboo"
    },
    "description": {
      "text": "9 of 9 Player Heads"
    },
    "frame": "task",
    "show_toast": true,
    "announce_to_chat": false,
    "hidden": true
  },
  "criteria": {
    "mineshaft": {
      "trigger": "minecraft:inventory_changed",
      "conditions": {
				"items": [
					{
						"item": "minecraft:player_head",
						"nbt": "{display:{Name:\"{\\\"text\\\":\\\"Bamboo\\\"}\"},SkullOwner:{Id:[I;1010338952,-1682616408,-1291782370,-1872320964],Properties:{textures:[{Value:\"eyJ0ZXh0dXJlcyI6eyJTS0lOIjp7InVybCI6Imh0dHA6Ly90ZXh0dXJlcy5taW5lY3JhZnQubmV0L3RleHR1cmUvMTg3NTAzMDI2NTEyYmUyZTQxN2NkZWUzY2Q3ODMzOWM0Y2FmMDljYWI1MjgyMzY4NjU3MmQwMTJlOWQxOTgwMiJ9fX0=\"}]}}}"
					}
				]
			}
    }
  }
}