{
  "parent": "minecraft:chest_loot/jungle_pyramid",
  "display": {
    "icon": {
      "item": "minecraft:player_head",
			"nbt": "{display:{Name:\"{\\\"text\\\":\\\"Sack of Herbs\\\"}\"},SkullOwner:{Id:[I;-724669118,-1097185914,-1250273616,-1758182094],Properties:{textures:[{Value:\"eyJ0ZXh0dXJlcyI6eyJTS0lOIjp7InVybCI6Imh0dHA6Ly90ZXh0dXJlcy5taW5lY3JhZnQubmV0L3RleHR1cmUvNDI3NDIzZDVjY2U0YTQ3MmE3NjBjZTVlODYyY2EzNWY3MDU4ZDU4N2I3ZWFiNjllYmVjOTIwYzc3M2U3MzA3In19fQ==\"}]}}}"
    },
    "title": {
      "text": "Sack of Herbs"
    },
    "description": {
      "text": "4 of 9 Player Heads"
    },
    "frame": "task",
    "show_toast": true,
    "announce_to_chat": false,
    "hidden": true
  },
  "criteria": {
    "mineshaft": {
      "trigger": "minecraft:inventory_changed",
      "conditions": {
				"items": [
					{
						"item": "minecraft:player_head",
						"nbt": "{display:{Name:\"{\\\"text\\\":\\\"Sack of Herbs\\\"}\"},SkullOwner:{Id:[I;-724669118,-1097185914,-1250273616,-1758182094],Properties:{textures:[{Value:\"eyJ0ZXh0dXJlcyI6eyJTS0lOIjp7InVybCI6Imh0dHA6Ly90ZXh0dXJlcy5taW5lY3JhZnQubmV0L3RleHR1cmUvNDI3NDIzZDVjY2U0YTQ3MmE3NjBjZTVlODYyY2EzNWY3MDU4ZDU4N2I3ZWFiNjllYmVjOTIwYzc3M2U3MzA3In19fQ==\"}]}}}"
					}
				]
			}
    }
  }
}