{
  "parent": "minecraft:chest_loot/jungle_pyramid",
  "display": {
    "icon": {
      "item": "minecraft:player_head",
			"nbt": "{display:{Name:\"{\\\"text\\\":\\\"Redstone Skull\\\"}\"},SkullOwner:{Id:[I;176356190,723929728,-1626713618,1789490218],Properties:{textures:[{Value:\"eyJ0ZXh0dXJlcyI6eyJTS0lOIjp7InVybCI6Imh0dHA6Ly90ZXh0dXJlcy5taW5lY3JhZnQubmV0L3RleHR1cmUvY2I4NTJiYTE1ODRkYTllNTcxNDg1OTk5NTQ1MWU0Yjk0NzQ4YzRkZDYzYWU0NTQzYzE1ZjlmOGFlYzY1YzgifX19\"}]}}}"
    },
    "title": {
      "text": "Redstone Skull"
    },
    "description": {
      "text": "6 of 9 Player Heads"
    },
    "frame": "task",
    "show_toast": true,
    "announce_to_chat": false,
    "hidden": true
  },
  "criteria": {
    "mineshaft": {
      "trigger": "minecraft:inventory_changed",
      "conditions": {
				"items": [
					{
						"item": "minecraft:player_head",
						"nbt": "{display:{Name:\"{\\\"text\\\":\\\"Redstone Skull\\\"}\"},SkullOwner:{Id:[I;176356190,723929728,-1626713618,1789490218],Properties:{textures:[{Value:\"eyJ0ZXh0dXJlcyI6eyJTS0lOIjp7InVybCI6Imh0dHA6Ly90ZXh0dXJlcy5taW5lY3JhZnQubmV0L3RleHR1cmUvY2I4NTJiYTE1ODRkYTllNTcxNDg1OTk5NTQ1MWU0Yjk0NzQ4YzRkZDYzYWU0NTQzYzE1ZjlmOGFlYzY1YzgifX19\"}]}}}"
					}
				]
			}
    }
  }
}