{
  "parent": "minecraft:chest_loot/jungle_pyramid",
  "display": {
    "icon": {
      "item": "minecraft:player_head",
			"nbt": "{display:{Name:\"{\\\"text\\\":\\\"Potted Bush\\\"}\"},SkullOwner:{Id:[I;-1225868160,-813741905,-1347941672,-1373997522],Properties:{textures:[{Value:\"eyJ0ZXh0dXJlcyI6eyJTS0lOIjp7InVybCI6Imh0dHA6Ly90ZXh0dXJlcy5taW5lY3JhZnQubmV0L3RleHR1cmUvZWExZmJlZjNkMGM1MWFkNmM3MTNhYTIwYzQyZGIxODM0MzRjZWM0ZmI2M2E1YTNlYWExMDFhZDNjNWY3NWQxNSJ9fX0=\"}]}}}"
    },
    "title": {
      "text": "Potted Bush"
    },
    "description": {
      "text": "2 of 9 Player Heads"
    },
    "frame": "task",
    "show_toast": true,
    "announce_to_chat": false,
    "hidden": true
  },
  "criteria": {
    "mineshaft": {
      "trigger": "minecraft:inventory_changed",
      "conditions": {
				"items": [
					{
						"item": "minecraft:player_head",
						"nbt": "{display:{Name:\"{\\\"text\\\":\\\"Potted Bush\\\"}\"},SkullOwner:{Id:[I;-1225868160,-813741905,-1347941672,-1373997522],Properties:{textures:[{Value:\"eyJ0ZXh0dXJlcyI6eyJTS0lOIjp7InVybCI6Imh0dHA6Ly90ZXh0dXJlcy5taW5lY3JhZnQubmV0L3RleHR1cmUvZWExZmJlZjNkMGM1MWFkNmM3MTNhYTIwYzQyZGIxODM0MzRjZWM0ZmI2M2E1YTNlYWExMDFhZDNjNWY3NWQxNSJ9fX0=\"}]}}}"
					}
				]
			}
    }
  }
}