{
  "parent": "minecraft:chest_loot/jungle_pyramid",
  "display": {
    "icon": {
      "item": "minecraft:player_head",
			"nbt": "{display:{Name:\"{\\\"text\\\":\\\"Jungle Drum\\\"}\"},SkullOwner:{Id:[I;1268059389,1102660325,-1787904755,1818573391],Properties:{textures:[{Value:\"eyJ0ZXh0dXJlcyI6eyJTS0lOIjp7InVybCI6Imh0dHA6Ly90ZXh0dXJlcy5taW5lY3JhZnQubmV0L3RleHR1cmUvYTdiZWQ4ZTdhOGNkYjQ2N2ZjZjU5ZmIzYjZjYzZlYzg2ODUzN2VmZGM3MzU2YmQxNGE5NjFiNDhhMDQ3OWFkZiJ9fX0=\"}]}}}"
    },
    "title": {
      "text": "Jungle Drum"
    },
    "description": {
      "text": "7 of 9 Player Heads"
    },
    "frame": "task",
    "show_toast": true,
    "announce_to_chat": false,
    "hidden": true
  },
  "criteria": {
    "mineshaft": {
      "trigger": "minecraft:inventory_changed",
      "conditions": {
				"items": [
					{
						"item": "minecraft:player_head",
						"nbt": "{display:{Name:\"{\\\"text\\\":\\\"Jungle Drum\\\"}\"},SkullOwner:{Id:[I;1268059389,1102660325,-1787904755,1818573391],Properties:{textures:[{Value:\"eyJ0ZXh0dXJlcyI6eyJTS0lOIjp7InVybCI6Imh0dHA6Ly90ZXh0dXJlcy5taW5lY3JhZnQubmV0L3RleHR1cmUvYTdiZWQ4ZTdhOGNkYjQ2N2ZjZjU5ZmIzYjZjYzZlYzg2ODUzN2VmZGM3MzU2YmQxNGE5NjFiNDhhMDQ3OWFkZiJ9fX0=\"}]}}}"
					}
				]
			}
    }
  }
}