{
  "parent": "minecraft:chest_loot/jungle_pyramid",
  "display": {
    "icon": {
      "item": "minecraft:player_head",
			"nbt": "{display:{Name:\"{\\\"text\\\":\\\"Bamboo Shoots\\\"}\"},SkullOwner:{Id:[I;-1615636732,-1485356528,-1089317040,1326513099],Properties:{textures:[{Value:\"eyJ0ZXh0dXJlcyI6eyJTS0lOIjp7InVybCI6Imh0dHA6Ly90ZXh0dXJlcy5taW5lY3JhZnQubmV0L3RleHR1cmUvOGVlODRkNmYyZGJkZjdhM2M5MTlmNzdlYzIyZTZlZTI2NjFlMDE3M2E4YTk3MWUxMWM5ODAwMjIzNGU2NDE3ZiJ9fX0=\"}]}}}"
    },
    "title": {
      "text": "Bamboo Shoots"
    },
    "description": {
      "text": "8 of 9 Player Heads"
    },
    "frame": "task",
    "show_toast": true,
    "announce_to_chat": false,
    "hidden": true
  },
  "criteria": {
    "mineshaft": {
      "trigger": "minecraft:inventory_changed",
      "conditions": {
				"items": [
					{
						"item": "minecraft:player_head",
						"nbt": "{display:{Name:\"{\\\"text\\\":\\\"Bamboo Shoots\\\"}\"},SkullOwner:{Id:[I;-1615636732,-1485356528,-1089317040,1326513099],Properties:{textures:[{Value:\"eyJ0ZXh0dXJlcyI6eyJTS0lOIjp7InVybCI6Imh0dHA6Ly90ZXh0dXJlcy5taW5lY3JhZnQubmV0L3RleHR1cmUvOGVlODRkNmYyZGJkZjdhM2M5MTlmNzdlYzIyZTZlZTI2NjFlMDE3M2E4YTk3MWUxMWM5ODAwMjIzNGU2NDE3ZiJ9fX0=\"}]}}}"
					}
				]
			}
    }
  }
}