{
  "parent": "minecraft:chest_loot/jungle_pyramid",
  "display": {
    "icon": {
      "item": "minecraft:player_head",
			"nbt": "{display:{Name:\"{\\\"text\\\":\\\"Flowerpot\\\"}\"},SkullOwner:{Id:[I;1383019434,1634551509,-1797643298,247843792],Properties:{textures:[{Value:\"eyJ0ZXh0dXJlcyI6eyJTS0lOIjp7InVybCI6Imh0dHA6Ly90ZXh0dXJlcy5taW5lY3JhZnQubmV0L3RleHR1cmUvMWZmM2FkOTY1NTQwM2JkNzIxODEzMjA2NDJhMTM5NTM0ZjQ3MWU1YzQyNzk1NjQ0Zjk4MzNiNDI0ZDdmYSJ9fX0=\"}]}}}"
    },
    "title": {
      "text": "Flowerpot"
    },
    "description": {
      "text": "5 of 9 Player Heads"
    },
    "frame": "task",
    "show_toast": true,
    "announce_to_chat": false,
    "hidden": true
  },
  "criteria": {
    "mineshaft": {
      "trigger": "minecraft:inventory_changed",
      "conditions": {
				"items": [
					{
						"item": "minecraft:player_head",
						"nbt": "{display:{Name:\"{\\\"text\\\":\\\"Flowerpot\\\"}\"},SkullOwner:{Id:[I;1383019434,1634551509,-1797643298,247843792],Properties:{textures:[{Value:\"eyJ0ZXh0dXJlcyI6eyJTS0lOIjp7InVybCI6Imh0dHA6Ly90ZXh0dXJlcy5taW5lY3JhZnQubmV0L3RleHR1cmUvMWZmM2FkOTY1NTQwM2JkNzIxODEzMjA2NDJhMTM5NTM0ZjQ3MWU1YzQyNzk1NjQ0Zjk4MzNiNDI0ZDdmYSJ9fX0=\"}]}}}"
					}
				]
			}
    }
  }
}