{
  "parent": "minecraft:chest_loot/endcity",
  "display": {
    "icon": {
      "item": "minecraft:purple_banner",
			"nbt": "{display:{Name:\"{\\\"text\\\":\\\"Enderman\\\"}\", Lore:[\"By 4BeeFour\"]}, BlockEntityTag:{Patterns:[{Pattern:sc,Color:15},{Pattern:ss,Color:10},{Pattern:ss,Color:15},{Pattern:tt,Color:2},{Pattern:sku,Color:15},{Pattern:cre,Color:15},{Pattern:cre,Color:15},{Pattern:flo,Color:15},{Pattern:flo,Color:15},{Pattern:rs,Color:10},{Pattern:ls,Color:10},{Pattern:ts,Color:10}]}}"
    },
    "title": {
      "text": "Enderman by 4BeeFour"
    },
    "description": {
      "text": "2 of 2 Banners"
    },
    "frame": "task",
    "show_toast": true,
    "announce_to_chat": false,
    "hidden": true
  },
  "criteria": {
    "mineshaft": {
      "trigger": "minecraft:inventory_changed",
      "conditions": {
				"items": [
					{
						"item": "minecraft:purple_banner",
						"nbt": "{display:{Name:\"{\\\"text\\\":\\\"Enderman\\\"}\", Lore:[\"By 4BeeFour\"]}, BlockEntityTag:{Patterns:[{Pattern:sc,Color:15},{Pattern:ss,Color:10},{Pattern:ss,Color:15},{Pattern:tt,Color:2},{Pattern:sku,Color:15},{Pattern:cre,Color:15},{Pattern:cre,Color:15},{Pattern:flo,Color:15},{Pattern:flo,Color:15},{Pattern:rs,Color:10},{Pattern:ls,Color:10},{Pattern:ts,Color:10}]}}"
					}
				]
			}
    }
  }
}