{
  "parent": "minecraft:chest_loot/endcity",
  "display": {
    "icon": {
      "item": "minecraft:gray_banner",
			"nbt": "{display:{Name:\"{\\\"text\\\":\\\"Enderdragon\\\"}\", Lore:[\"By Anonymous\"]}, BlockEntityTag:{Patterns:[{Pattern:cbo,Color:15},{Pattern:rs,Color:7},{Pattern:flo,Color:10},{Pattern:ms,Color:15},{Pattern:tt,Color:7},{Pattern:moj,Color:15}]}}"
    },
    "title": {
      "text": "Enderdragon by Anonymous"
    },
    "description": {
      "text": "1 of 2 Banners"
    },
    "frame": "task",
    "show_toast": true,
    "announce_to_chat": false,
    "hidden": true
  },
  "criteria": {
    "mineshaft": {
      "trigger": "minecraft:inventory_changed",
      "conditions": {
				"items": [
					{
						"item": "minecraft:gray_banner",
						"nbt": "{display:{Name:\"{\\\"text\\\":\\\"Enderdragon\\\"}\", Lore:[\"By Anonymous\"]}, BlockEntityTag:{Patterns:[{Pattern:cbo,Color:15},{Pattern:rs,Color:7},{Pattern:flo,Color:10},{Pattern:ms,Color:15},{Pattern:tt,Color:7},{Pattern:moj,Color:15}]}}"
					}
				]
			}
    }
  }
}