{
  "parent": "minecraft:chest_loot/endcity",
  "display": {
    "icon": {
      "item": "minecraft:diamond_sword",
			"nbt": "{display:{Name:\"{\\\"text\\\":\\\"Glass Sword\\\"}\", Lore:[\"Sharp but brittle\"]}, RepairCost:99, Enchantments:[{id:\"sharpness\", lvl:13s}], Damage:1511}"
    },
    "title": {
      "text": "Glass Sword"
    },
    "description": {
      "text": "1 of 1 Unique Item"
    },
    "frame": "task",
    "show_toast": true,
    "announce_to_chat": false,
    "hidden": true
  },
  "criteria": {
    "mineshaft": {
      "trigger": "minecraft:inventory_changed",
      "conditions": {
				"items": [
					{
						"item": "minecraft:diamond_sword",
						"nbt": "{display:{Name:\"{\\\"text\\\":\\\"Glass Sword\\\"}\", Lore:[\"Sharp but brittle\"]}, RepairCost:99, Enchantments:[{id:\"sharpness\", lvl:13s}], Damage:1511}"
					}
				]
			}
    }
  }
}