{
  "parent": "minecraft:chest_loot/endcity",
  "display": {
    "icon": {
      "item": "minecraft:player_head",
			"nbt": "{display:{Name:\"{\\\"text\\\":\\\"End Crystal\\\"}\"},SkullOwner:{Id:[I;-1049611685,301025837,-2006790665,866397382],Properties:{textures:[{Value:\"eyJ0ZXh0dXJlcyI6eyJTS0lOIjp7InVybCI6Imh0dHA6Ly90ZXh0dXJlcy5taW5lY3JhZnQubmV0L3RleHR1cmUvZTQ5ZDIxMmJmYzBhMzRhNzA3NjNlMmE2OGRlNGZhOTI3MGNjZjJkODA3MWIxY2M4MzgxM2U0MTA2YjlkMWRmZSJ9fX0=\"}]}}}"
    },
    "title": {
      "text": "End Crystal"
    },
    "description": {
      "text": "3 of 3 Player Heads"
    },
    "frame": "task",
    "show_toast": true,
    "announce_to_chat": false,
    "hidden": true
  },
  "criteria": {
    "mineshaft": {
      "trigger": "minecraft:inventory_changed",
      "conditions": {
				"items": [
					{
						"item": "minecraft:player_head",
						"nbt": "{display:{Name:\"{\\\"text\\\":\\\"End Crystal\\\"}\"},SkullOwner:{Id:[I;-1049611685,301025837,-2006790665,866397382],Properties:{textures:[{Value:\"eyJ0ZXh0dXJlcyI6eyJTS0lOIjp7InVybCI6Imh0dHA6Ly90ZXh0dXJlcy5taW5lY3JhZnQubmV0L3RleHR1cmUvZTQ5ZDIxMmJmYzBhMzRhNzA3NjNlMmE2OGRlNGZhOTI3MGNjZjJkODA3MWIxY2M4MzgxM2U0MTA2YjlkMWRmZSJ9fX0=\"}]}}}"
					}
				]
			}
    }
  }
}