{
  "parent": "minecraft:chest_loot/endcity",
  "display": {
    "icon": {
      "item": "minecraft:player_head",
			"nbt": "{display:{Name:\"{\\\"text\\\":\\\"Shulker Stool\\\"}\"},SkullOwner:{Id:[I;-499202127,1703036488,-2018998493,-663922553],Properties:{textures:[{Value:\"eyJ0ZXh0dXJlcyI6eyJTS0lOIjp7InVybCI6Imh0dHA6Ly90ZXh0dXJlcy5taW5lY3JhZnQubmV0L3RleHR1cmUvM2JmNGM0NzViNjk3N2RiMDFmN2YwYTUzMjVhNTZkOWIxMzgxMTE4YzdiYWU2NzNlNTkzNWRkZjIzZTlmZTk1MSJ9fX0=\"}]}}}"
    },
    "title": {
      "text": "Shulker Stool"
    },
    "description": {
      "text": "2 of 3 Player Heads"
    },
    "frame": "task",
    "show_toast": true,
    "announce_to_chat": false,
    "hidden": true
  },
  "criteria": {
    "mineshaft": {
      "trigger": "minecraft:inventory_changed",
      "conditions": {
				"items": [
					{
						"item": "minecraft:player_head",
						"nbt": "{display:{Name:\"{\\\"text\\\":\\\"Shulker Stool\\\"}\"},SkullOwner:{Id:[I;-499202127,1703036488,-2018998493,-663922553],Properties:{textures:[{Value:\"eyJ0ZXh0dXJlcyI6eyJTS0lOIjp7InVybCI6Imh0dHA6Ly90ZXh0dXJlcy5taW5lY3JhZnQubmV0L3RleHR1cmUvM2JmNGM0NzViNjk3N2RiMDFmN2YwYTUzMjVhNTZkOWIxMzgxMTE4YzdiYWU2NzNlNTkzNWRkZjIzZTlmZTk1MSJ9fX0=\"}]}}}"
					}
				]
			}
    }
  }
}