{
  "parent": "minecraft:chest_loot/endcity",
  "display": {
    "icon": {
      "item": "minecraft:player_head",
			"nbt": "{display:{Name:\"{\\\"text\\\":\\\"Dragons Breath\\\"}\"},SkullOwner:{Id:[I;-1058441278,-1476115755,-1952979329,-1755222412],Properties:{textures:[{Value:\"eyJ0ZXh0dXJlcyI6eyJTS0lOIjp7InVybCI6Imh0dHA6Ly90ZXh0dXJlcy5taW5lY3JhZnQubmV0L3RleHR1cmUvMTNjNzZkMTA3OWM5NWUzYzc5ZGRmOTUxNDJmYzc0YzQ4ZjY1MjA1ZTQ2NWQxMDJiZjc4MjY1Y2E3ZTk3MDZkMiJ9fX0=\"}]}}}"
    },
    "title": {
      "text": "Dragon's Breath"
    },
    "description": {
      "text": "1 of 3 Player Heads"
    },
    "frame": "task",
    "show_toast": true,
    "announce_to_chat": false,
    "hidden": true
  },
  "criteria": {
    "mineshaft": {
      "trigger": "minecraft:inventory_changed",
      "conditions": {
				"items": [
					{
						"item": "minecraft:player_head",
						"nbt": "{display:{Name:\"{\\\"text\\\":\\\"Dragons Breath\\\"}\"},SkullOwner:{Id:[I;-1058441278,-1476115755,-1952979329,-1755222412],Properties:{textures:[{Value:\"eyJ0ZXh0dXJlcyI6eyJTS0lOIjp7InVybCI6Imh0dHA6Ly90ZXh0dXJlcy5taW5lY3JhZnQubmV0L3RleHR1cmUvMTNjNzZkMTA3OWM5NWUzYzc5ZGRmOTUxNDJmYzc0YzQ4ZjY1MjA1ZTQ2NWQxMDJiZjc4MjY1Y2E3ZTk3MDZkMiJ9fX0=\"}]}}}"
					}
				]
			}
    }
  }
}