{
	"pools": [
		{
			"rolls": 1,
			"entries": [
				{
					"type": "item",
					"name": "minecraft:potion",
					"weight": 10,
					"functions": [
						{
							"function": "set_nbt",
							"tag": "{CustomPotionEffects:[{Id:3,Amplifier:1,Duration:6000},{Id:18,Duration:6000}],CustomPotionColor:10128505,display:{Name:\"{\\\"text\\\":\\\"Miners Draught\\\"}\"}}"
						}
					]
				},
				{
					"type": "item",
					"name": "minecraft:potion",
					"weight": 10,
					"functions": [
						{
							"function": "set_nbt",
							"tag": "{CustomPotionEffects:[{Id:23,Amplifier:11}],CustomPotionColor:11755921,display:{Name:\"{\\\"text\\\":\\\"Meal in a Bottle\\\"}\"}}"
						}
					]
				},
				{
					"type": "item",
					"name": "minecraft:name_tag",
					"weight": 5
				},
				{
					"type": "item",
					"name": "minecraft:experience_bottle",
					"functions": [
						{
							"function": "set_count",
							"count": {
								"min": 4,
								"max": 12
							}
						}
					],
					"weight": 20
				},
				{
					"type": "item",
					"name": "minecraft:book",
					"weight": 10,
					"functions": [
						{
							"function": "enchant_randomly"
						}
					]
				},
				{
					"type": "item",
					"name": "minecraft:iron_pickaxe",
					"weight": 5,
					"functions": [
						{
							"function": "set_nbt",
							"tag": "{display:{Name:\"{\\\"text\\\":\\\"Lucky Pick\\\"}\"}, RepairCost:99, Enchantments:[{id:\"fortune\", lvl:7s}]}"
						}
					]
				},
				{
					"type": "empty",
					"weight": 5
				}
			]
		},
		{
			"rolls": {
				"min": 2,
				"max": 4
			},
			"entries": [
				{
					"type": "item",
					"name": "minecraft:player_head",
					"functions": [
						{
							"function": "set_nbt",
							"tag": "{display:{Name:\"{\\\"text\\\": \\\"Bundle of Burnt Torches\\\"}\"},SkullOwner:{Id:[I;1446868408,2034814043,-1350137834,-1575204557],Properties:{textures:[{Value:\"eyJ0ZXh0dXJlcyI6eyJTS0lOIjp7InVybCI6Imh0dHA6Ly90ZXh0dXJlcy5taW5lY3JhZnQubmV0L3RleHR1cmUvODY3OTNiYWM0YTFmOTc0MTQyZWY4OTE2NjQyNzEwOTQ5ZDdlMzhmODdhZWJkMzgwNzQyY2NjMzc0ZjFkZTEifX19\"}]}}}"
						}
					],
					"weight": 10
				},
				{
					"type": "item",
					"name": "minecraft:player_head",
					"functions": [
						{
							"function": "set_nbt",
							"tag": "{display:{Name:\"{\\\"text\\\":\\\"Rough Diamond\\\"}\"},SkullOwner:{Id:[I;1779249861,-1945615709,-1110092384,68104524],Properties:{textures:[{Value:\"eyJ0ZXh0dXJlcyI6eyJTS0lOIjp7InVybCI6Imh0dHA6Ly90ZXh0dXJlcy5taW5lY3JhZnQubmV0L3RleHR1cmUvOTY0ZjI1Y2ZmZjc1NGYyODdhOTgzOGQ4ZWZlMDM5OTgwNzNjMjJkZjdhOWQzMDI1YzQyNWUzZWQ3ZmY1MmMyMCJ9fX0=\"}]}}}"
						}
					],
					"weight": 5
				},
				{
					"type": "item",
					"name": "minecraft:player_head",
					"functions": [
						{
							"function": "set_nbt",
							"tag": "{display:{Name:\"{\\\"text\\\":\\\"Rough Emerald\\\"}\"},SkullOwner:{Id:[I;-2076843989,-590066462,-1715884237,465001183],Properties:{textures:[{Value:\"eyJ0ZXh0dXJlcyI6eyJTS0lOIjp7InVybCI6Imh0dHA6Ly90ZXh0dXJlcy5taW5lY3JhZnQubmV0L3RleHR1cmUvODkyNmMxZjJjM2MxNGQwODZjNDBjZmMyMzVmZTkzODY5NGY0YTUxMDY3YWRhNDcyNmI0ODZlYTFjODdiMDNlMiJ9fX0=\"}]}}}"
						}
					],
					"weight": 5
				},
				{
					"type": "item",
					"name": "minecraft:player_head",
					"functions": [
						{
							"function": "set_nbt",
							"tag": "{display:{Name:\"{\\\"text\\\":\\\"Rough Lapis Lazuli\\\"}\"},SkullOwner:{Id:[I;1313416803,1145390925,-1328945319,213131654],Properties:{textures:[{Value:\"eyJ0ZXh0dXJlcyI6eyJTS0lOIjp7InVybCI6Imh0dHA6Ly90ZXh0dXJlcy5taW5lY3JhZnQubmV0L3RleHR1cmUvODZmNDc2ODcxZWQyM2Y3OWU3YjlkNDk1NDg5ODg3ZTI0NGM2MTljNWUxOWU0MWNmOTViMjcxYTJlYmU3NSJ9fX0=\"}]}}}"
						}
					],
					"weight": 5
				},
				{
					"type": "item",
					"name": "minecraft:player_head",
					"functions": [
						{
							"function": "set_nbt",
							"tag": "{display:{Name:\"{\\\"text\\\":\\\"Toy Chest Minecart\\\"}\"},SkullOwner:{Id:[I;1373111505,-737195413,-1474065515,-546922834],Properties:{textures:[{Value:\"eyJ0ZXh0dXJlcyI6eyJTS0lOIjp7InVybCI6Imh0dHA6Ly90ZXh0dXJlcy5taW5lY3JhZnQubmV0L3RleHR1cmUvOWQ1OGQzODYwZDIyMjEyYjkxNTUwMTFhMGU2OWI1YTkzNjJhMTk1MzJjNmUxMzk5OGI4MTI5M2IxMjJlOWRiYyJ9fX0=\"}]}}}"
						}
					],
					"weight": 3
				},
				{
					"type": "item",
					"name": "minecraft:player_head",
					"functions": [
						{
							"function": "set_nbt",
							"tag": "{display:{Name:\"{\\\"text\\\":\\\"Toy TNT Minecart\\\"}\"},SkullOwner:{Id:[I;-1751060147,-1939324848,-1223663423,403887968],Properties:{textures:[{Value:\"eyJ0ZXh0dXJlcyI6eyJTS0lOIjp7InVybCI6Imh0dHA6Ly90ZXh0dXJlcy5taW5lY3JhZnQubmV0L3RleHR1cmUvYzRkN2ZjOGUzYTk1OWFkZTdkOWNmNjYzZjFlODJkYjc5NzU1NDNlMjg4YWI4ZDExZWIyNTQxODg4MjEzNTI2In19fQ==\"}]}}}"
						}
					],
					"weight": 3
				},
				{
					"type": "item",
					"name": "minecraft:bread",
					"functions": [
						{
							"function": "set_count",
							"count": {
								"min": 1,
								"max": 3
							}
						}
					],
					"weight": 15
				},
				{
					"type": "item",
					"name": "minecraft:cobblestone",
					"functions": [
						{
							"function": "set_count",
							"count": {
								"min": 2,
								"max": 4
							}
						}
					],
					"weight": 10
				},
				{
					"type": "item",
					"name": "minecraft:gravel",
					"functions": [
						{
							"function": "set_count",
							"count": {
								"min": 2,
								"max": 4
							}
						}
					],
					"weight": 10
				},
				{
					"type": "item",
					"name": "minecraft:spider_eye",
					"functions": [
						{
							"function": "set_count",
							"count": {
								"min": 2,
								"max": 4
							}
						}
					],
					"weight": 10
				},
				{
					"type": "minecraft:item",
					"name": "minecraft:red_shulker_box",
					"weight": 1
				}
			]
		},
		{
			"rolls": 3,
			"entries": [
				{
					"type": "item",
					"name": "minecraft:rail",
					"functions": [
						{
							"function": "set_count",
							"count": {
								"min": 4,
								"max": 8
							}
						}
					],
					"weight": 20
				},
				{
					"type": "item",
					"name": "minecraft:powered_rail",
					"functions": [
						{
							"function": "set_count",
							"count": {
								"min": 1,
								"max": 4
							}
						}
					],
					"weight": 5
				},
				{
					"type": "item",
					"name": "minecraft:detector_rail",
					"functions": [
						{
							"function": "set_count",
							"count": {
								"min": 1,
								"max": 4
							}
						}
					],
					"weight": 5
				},
				{
					"type": "item",
					"name": "minecraft:activator_rail",
					"functions": [
						{
							"function": "set_count",
							"count": {
								"min": 1,
								"max": 4
							}
						}
					],
					"weight": 5
				},
				{
					"type": "item",
					"name": "minecraft:torch",
					"functions": [
						{
							"function": "set_count",
							"count": {
								"min": 1,
								"max": 16
							}
						}
					],
					"weight": 15
				},
				{
					"type": "item",
					"name": "minecraft:lantern",
					"functions": [
						{
							"function": "set_count",
							"count": {
								"min": 1,
								"max": 3
							}
						}
					],
					"weight": 5
				}
			]
		}
	]
}