{
	"pools": [
		{
			"rolls": 1,
			"entries": [
				{
					"type": "item",
					"name": "minecraft:heart_of_the_sea"
				}
			]
		},
		{
			"rolls": {
				"min": 1,
				"max": 3
			},
			"entries": [
				{
					"type": "item",
					"name": "minecraft:emerald",
					"weight": 5,
					"functions": [
						{
							"function": "minecraft:set_count",
							"count": {
								"min": 4,
								"max": 8
							}
						}
					]
				},
				{
					"type": "item",
					"name": "minecraft:experience_bottle",
					"functions": [
						{
							"function": "set_count",
							"count": {
								"min": 4,
								"max": 12
							}
						}
					],
					"weight": 5
				},
				{
					"type": "item",
					"name": "minecraft:player_head",
					"weight": 5,
					"functions": [
						{
							"function": "set_nbt",
							"tag": "{display:{Name:\"{\\\"text\\\":\\\"Bag of Gold\\\"}\"},SkullOwner:{Id:[I;1924657862,-1239725711,-1866312190,2025265060],Properties:{textures:[{Value:\"eyJ0ZXh0dXJlcyI6eyJTS0lOIjp7InVybCI6Imh0dHA6Ly90ZXh0dXJlcy5taW5lY3JhZnQubmV0L3RleHR1cmUvYTliOTA2YjIxNTVmMTkzNzg3MDQyMzM4ZDA1Zjg0MDM5MWMwNWE2ZDNlODE2MjM5MDFiMjk2YmVlM2ZmZGQyIn19fQ==\"}]}}}"
						}
					]
				},
				{
					"type": "item",
					"name": "minecraft:fishing_rod",
					"weight": 5,
					"functions": [
						{
							"function": "set_nbt",
							"tag": "{display:{Name:\"{\\\"text\\\":\\\"Alluring Fishing Rod\\\"}\", Lore:[\"Faster Fishing\"]}, Enchantments:[{id:\"lure\", lvl:5s}], RepairCost:99}"
						}
					]
				},
				{
					"type": "item",
					"name": "minecraft:prismarine_crystals",
					"weight": 5,
					"functions": [
						{
							"function": "set_count",
							"count": {
								"min": 1,
								"max": 5
							}
						}
					]
				},
				{
					"type": "minecraft:item",
					"name": "minecraft:cyan_shulker_box",
					"weight": 1
				}
			]
		},
		{
			"rolls": {
				"min": 0,
				"max": 1
			},
			"entries": [
				{
					"type": "item",
					"name": "minecraft:iron_sword",
					"weight": 2
				}
			]
		},
		{
			"rolls": {
				"min": 1,
				"max": 2
			},
			"entries": [
				{
					"type": "item",
					"name": "minecraft:black_banner",
					"weight": 1,
					"functions": [
						{
							"function": "set_nbt",
							"tag": "{display:{Name:\"{\\\"text\\\":\\\"Jolly Roger\\\"}\"}, BlockEntityTag:{Patterns:[{Pattern:sku,Color:0}]}}"
						}
					]
				},
				{
					"type": "item",
					"name": "minecraft:player_head",
					"weight": 1,
					"functions": [
						{
							"function": "set_nbt",
							"tag": "{display:{Name:\"{\\\"text\\\":\\\"Barrel (sideways)\\\"}\"},SkullOwner:{Id:[I;-854226057,429867560,-1674950453,-343983952],Properties:{textures:[{Value:\"eyJ0ZXh0dXJlcyI6eyJTS0lOIjp7InVybCI6Imh0dHA6Ly90ZXh0dXJlcy5taW5lY3JhZnQubmV0L3RleHR1cmUvZmMxYjA3ZTI3MWU0Nzk3MGFkNTlhYzMyNDYyMGI3MWFjNjZhZWY3Y2YyMDUxZDI1YWQwMDliZjAxOWI5MjYwNiJ9fX0=\"}]}}}"
						}
					]
				},
				{
					"type": "item",
					"name": "minecraft:player_head",
					"weight": 1,
					"functions": [
						{
							"function": "set_nbt",
							"tag": "{display:{Name:\"{\\\"text\\\":\\\"Barrel\\\"}\"},SkullOwner:{Id:[I;-1113038487,1526484579,-1311424843,637932952],Properties:{textures:[{Value:\"eyJ0ZXh0dXJlcyI6eyJTS0lOIjp7InVybCI6Imh0dHA6Ly90ZXh0dXJlcy5taW5lY3JhZnQubmV0L3RleHR1cmUvYzY3ZDVkMzdjZDY0Y2UzZmI1NzM3N2QyNWQ2MTUyYWE0YWMyZTM3OTU0MjQ4ZDVkOTFmODhmYmQ3OTFmNDc2NiJ9fX0=\"}]}}}"
						}
					]
				}
			]
		},
		{
			"rolls": 2,
			"entries": [
				{
					"type": "item",
					"name": "minecraft:cooked_cod",
					"weight": 1,
					"functions": [
						{
							"function": "minecraft:set_count",
							"count": {
								"min": 2,
								"max": 4
							}
						}
					]
				},
				{
					"type": "item",
					"name": "minecraft:cooked_salmon",
					"weight": 1,
					"functions": [
						{
							"function": "minecraft:set_count",
							"count": {
								"min": 2,
								"max": 4
							}
						}
					]
				}
			]
		}
	]
}