{
	"pools": [
		{
			"rolls": {
				"min": 2,
				"max": 4
			},
			"entries": [
				{
					"type": "item",
					"name": "minecraft:blue_banner",
					"weight": 5,
					"functions": [
						{
							"function": "set_nbt",
							"tag": "{display:{Name:\"{\\\"text\\\":\\\"Ankh\\\"}\", Lore:[\"By CplCanuck\"]}, BlockEntityTag:{Patterns:[{Pattern:flo,Color:4},{Pattern:sc,Color:4},{Pattern:ts,Color:11},{Pattern:sku,Color:4},{Pattern:mc,Color:11},{Pattern:bo,Color:11}]}}"
						}
					]
				},
				{
					"type": "item",
					"name": "minecraft:chainmail_leggings",
					"weight": 5,
					"functions": [
						{
							"function": "set_nbt",
							"tag": "{display:{Name:\"{\\\"text\\\":\\\"Cactus Leggings\\\"}\", Lore:[\"Thorns XV\"]}, Enchantments:[{id:\"thorns\", lvl:15s}], RepairCost:99}"
						}
					]
				},
				{
					"type": "item",
					"name": "minecraft:player_head",
					"functions": [
						{
							"function": "set_nbt",
							"tag": "{display:{Name:\"{\\\"text\\\":\\\"Mummy\\\"}\"},SkullOwner:{Id:[I;50597187,-1067244956,-1479827373,-732301025],Properties:{textures:[{Value:\"eyJ0ZXh0dXJlcyI6eyJTS0lOIjp7InVybCI6Imh0dHA6Ly90ZXh0dXJlcy5taW5lY3JhZnQubmV0L3RleHR1cmUvNDRjODNmOTVkMjgzNzA3OGMwZmNjM2Y1ZTQ0NDYxOWRmOGJmNDQ0N2ExMWM5NDgzM2NmNjhmOTJhNzhhODMxIn19fQ==\"}]}}}"
						}
					],
					"weight": 5
				},
				{
					"type": "item",
					"name": "minecraft:player_head",
					"functions": [
						{
							"function": "set_nbt",
							"tag": "{display:{Name:\"{\\\"text\\\":\\\"Anubis\\\"}\"},SkullOwner:{Id:[I;1717300752,-1120449015,-1500274240,-1001537887],Properties:{textures:[{Value:\"eyJ0ZXh0dXJlcyI6eyJTS0lOIjp7InVybCI6Imh0dHA6Ly90ZXh0dXJlcy5taW5lY3JhZnQubmV0L3RleHR1cmUvNGNhNjlmY2VlOGFlOWE5Mzg0NTMzZWI5NWY2NDQ3NGJlNTA1OTEwZDk1OWZmNGFjMTI2MTFiMzAxN2UwNzlkMCJ9fX0=\"}]}}}"
						}
					],
					"weight": 5
				},
				{
					"type": "item",
					"name": "minecraft:player_head",
					"functions": [
						{
							"function": "set_nbt",
							"tag": "{display:{Name:\"{\\\"text\\\":\\\"Urn With Inscription\\\"}\"},SkullOwner:{Id:[I;1059540138,-1717616377,-1368524868,-167307783],Properties:{textures:[{Value:\"eyJ0ZXh0dXJlcyI6eyJTS0lOIjp7InVybCI6Imh0dHA6Ly90ZXh0dXJlcy5taW5lY3JhZnQubmV0L3RleHR1cmUvYzJjNzg4MzQ1MjY4YjdiYzM0NmU4ZDJiZWIyZmUyYTk5YzQ5ZTA2ODlhMzNjNzI0NGYwNzEzYmQyOSJ9fX0=\"}]}}}"
						}
					],
					"weight": 5
				},
				{
					"type": "item",
					"name": "minecraft:emerald",
					"functions": [
						{
							"function": "set_count",
							"count": {
								"min": 1,
								"max": 3
							}
						}
					],
					"weight": 15
				},
				{
					"type": "item",
					"name": "minecraft:saddle",
					"weight": 20
				},
				{
					"type": "item",
					"name": "minecraft:iron_horse_armor",
					"weight": 15
				},
				{
					"type": "item",
					"name": "minecraft:golden_horse_armor",
					"weight": 10
				},
				{
					"type": "item",
					"name": "minecraft:diamond_horse_armor",
					"weight": 5
				},
				{
					"type": "item",
					"name": "minecraft:book",
					"weight": 20,
					"functions": [
						{
							"function": "enchant_randomly"
						}
					]
				},
				{
					"type": "item",
					"name": "minecraft:golden_apple",
					"weight": 20
				},
				{
					"type": "item",
					"name": "minecraft:enchanted_golden_apple",
					"weight": 2
				},
				{
					"type": "empty",
					"weight": 15
				}
			]
		},
		{
			"rolls": 4,
			"entries": [
				{
					"type": "item",
					"name": "minecraft:player_head",
					"functions": [
						{
							"function": "set_nbt",
							"tag": "{display:{Name:\"{\\\"text\\\":\\\"Organ in a Bottle\\\"}\"},SkullOwner:{Id:[I;-797843587,-783464600,-2136037194,1727895340],Properties:{textures:[{Value:\"eyJ0ZXh0dXJlcyI6eyJTS0lOIjp7InVybCI6Imh0dHA6Ly90ZXh0dXJlcy5taW5lY3JhZnQubmV0L3RleHR1cmUvNmZjOWQ0NzFmMzczNTU3NTgzMzkyZWFlZmFmNjU5YmJmZWMyMzg1YzYwZmJhYjY4NjBmMjM2YjVmYjI0MSJ9fX0=\"}]}}}"
						}
					],
					"weight": 5
				},
				{
					"type": "item",
					"name": "minecraft:player_head",
					"functions": [
						{
							"function": "set_nbt",
							"tag": "{display:{Name:\"{\\\"text\\\":\\\"Organ in a Bottle\\\"}\"},SkullOwner:{Id:[I;41213480,826101342,-1295841538,1915000144],Properties:{textures:[{Value:\"eyJ0ZXh0dXJlcyI6eyJTS0lOIjp7InVybCI6Imh0dHA6Ly90ZXh0dXJlcy5taW5lY3JhZnQubmV0L3RleHR1cmUvN2RmZmQ5NWM4ZmNkYmFlZDllOWU5YmU0N2VhMWE0MWVlMTIyOWQ4OWI1YzZkNDJhMWY3YjJmN2YxMWJkMTEyMiJ9fX0=\"}]}}}"
						}
					],
					"weight": 5
				},
				{
					"type": "item",
					"name": "minecraft:bone",
					"weight": 10,
					"functions": [
						{
							"function": "set_count",
							"count": {
								"min": 1,
								"max": 8
							}
						}
					]
				},
				{
					"type": "item",
					"name": "minecraft:skeleton_skull",
					"weight": 5
				},
				{
					"type": "item",
					"name": "minecraft:spider_eye",
					"functions": [
						{
							"function": "set_count",
							"count": {
								"min": 1,
								"max": 3
							}
						}
					],
					"weight": 25
				},
				{
					"type": "item",
					"name": "minecraft:experience_bottle",
					"functions": [
						{
							"function": "set_count",
							"count": {
								"min": 4,
								"max": 12
							}
						}
					],
					"weight": 10
				},
				{
					"type": "item",
					"name": "minecraft:rotten_flesh",
					"weight": 10,
					"functions": [
						{
							"function": "set_count",
							"count": {
								"min": 1,
								"max": 8
							}
						}
					]
				},
				{
					"type": "item",
					"name": "minecraft:sand",
					"weight": 10,
					"functions": [
						{
							"function": "set_count",
							"count": {
								"min": 1,
								"max": 8
							}
						}
					]
				},
				{
					"type": "minecraft:item",
					"name": "minecraft:yellow_shulker_box",
					"weight": 1
				}
			]
		}
	]
}