{
	"pools": [
		{
			"rolls": {
				"min": 2,
				"max": 6
			},
			"entries": [
				{
					"type": "item",
					"name": "minecraft:emerald",
					"weight": 10,
					"functions": [
						{
							"function": "set_count",
							"count": {
								"min": 2,
								"max": 6
							}
						}
					]
				},
				{
					"type": "item",
					"name": "minecraft:experience_bottle",
					"functions": [
						{
							"function": "set_count",
							"count": {
								"min": 4,
								"max": 12
							}
						}
					],
					"weight": 10
				},
				{
					"type": "item",
					"name": "minecraft:splash_potion",
					"weight": 5,
					"functions": [
						{
							"function": "set_nbt",
							"tag": "{display:{Name:\"{\\\"text\\\":\\\"Splash Potion of Levitation\\\"}\"}, CustomPotionEffects:[{Id:25,Duration:600}],CustomPotionColor:12691696}"
						}
					]
				},
				{
					"type": "item",
					"name": "minecraft:potion",
					"weight": 5,
					"functions": [
						{
							"function": "set_nbt",
							"tag": "{CustomPotionEffects:[{Id:8,Amplifier:3,Duration:2400}],CustomPotionColor:53574,display:{Name:\"{\\\"text\\\":\\\"Moon Juice\\\"}\"}}"
						}
					]
				},
				{
					"type": "item",
					"name": "minecraft:diamond_horse_armor",
					"weight": 1
				},
				{
					"type": "item",
					"name": "minecraft:diamond_sword",
					"weight": 3,
					"functions": [
						{
							"function": "set_nbt",
							"tag": "{display:{Name:\"{\\\"text\\\":\\\"Glass Sword\\\"}\", Lore:[\"Sharp but brittle\"]}, RepairCost:99, Enchantments:[{id:\"sharpness\", lvl:13s}], Damage:1511}"
						}
					]
				},
				{
					"type": "item",
					"name": "minecraft:diamond_boots",
					"weight": 3,
					"functions": [
						{
							"function": "enchant_with_levels",
							"treasure": true,
							"levels": {
								"min": 20,
								"max": 39
							}
						}
					]
				},
				{
					"type": "item",
					"name": "minecraft:diamond_chestplate",
					"weight": 3,
					"functions": [
						{
							"function": "enchant_with_levels",
							"treasure": true,
							"levels": {
								"min": 20,
								"max": 39
							}
						}
					]
				},
				{
					"type": "item",
					"name": "minecraft:diamond_leggings",
					"weight": 3,
					"functions": [
						{
							"function": "enchant_with_levels",
							"treasure": true,
							"levels": {
								"min": 20,
								"max": 39
							}
						}
					]
				},
				{
					"type": "item",
					"name": "minecraft:diamond_helmet",
					"weight": 3,
					"functions": [
						{
							"function": "enchant_with_levels",
							"treasure": true,
							"levels": {
								"min": 20,
								"max": 39
							}
						}
					]
				},
				{
					"type": "item",
					"name": "minecraft:diamond_pickaxe",
					"weight": 3,
					"functions": [
						{
							"function": "enchant_with_levels",
							"treasure": true,
							"levels": {
								"min": 20,
								"max": 39
							}
						}
					]
				},
				{
					"type": "item",
					"name": "minecraft:diamond_shovel",
					"weight": 3,
					"functions": [
						{
							"function": "enchant_with_levels",
							"treasure": true,
							"levels": {
								"min": 20,
								"max": 39
							}
						}
					]
				},
				{
					"type": "item",
					"name": "minecraft:totem_of_undying",
					"weight": 1
				},
				{
					"type": "item",
					"name": "minecraft:spectral_arrow",
					"weight": 5,
					"functions": [
						{
							"function": "set_count",
							"count": {
								"min": 8,
								"max": 16
							}
						}
					]
				}
			]
		},
		{
			"rolls": {
				"min": 0,
				"max": 2
			},
			"entries": [
				{
					"type": "item",
					"name": "minecraft:player_head",
					"functions": [
						{
							"function": "set_nbt",
							"tag": "{display:{Name:\"{\\\"text\\\":\\\"Dragons Breath\\\"}\"},SkullOwner:{Id:[I;-1058441278,-1476115755,-1952979329,-1755222412],Properties:{textures:[{Value:\"eyJ0ZXh0dXJlcyI6eyJTS0lOIjp7InVybCI6Imh0dHA6Ly90ZXh0dXJlcy5taW5lY3JhZnQubmV0L3RleHR1cmUvMTNjNzZkMTA3OWM5NWUzYzc5ZGRmOTUxNDJmYzc0YzQ4ZjY1MjA1ZTQ2NWQxMDJiZjc4MjY1Y2E3ZTk3MDZkMiJ9fX0=\"}]}}}"
						}
					],
					"weight": 5
				},
				{
					"type": "item",
					"name": "minecraft:player_head",
					"functions": [
						{
							"function": "set_nbt",
							"tag": "{display:{Name:\"{\\\"text\\\":\\\"Shulker Stool\\\"}\"},SkullOwner:{Id:[I;-499202127,1703036488,-2018998493,-663922553],Properties:{textures:[{Value:\"eyJ0ZXh0dXJlcyI6eyJTS0lOIjp7InVybCI6Imh0dHA6Ly90ZXh0dXJlcy5taW5lY3JhZnQubmV0L3RleHR1cmUvM2JmNGM0NzViNjk3N2RiMDFmN2YwYTUzMjVhNTZkOWIxMzgxMTE4YzdiYWU2NzNlNTkzNWRkZjIzZTlmZTk1MSJ9fX0=\"}]}}}"
						}
					],
					"weight": 5
				},
				{
					"type": "item",
					"name": "minecraft:player_head",
					"functions": [
						{
							"function": "minecraft:set_nbt",
							"tag": "{display:{Name:\"{\\\"text\\\":\\\"End Crystal\\\"}\"},SkullOwner:{Id:[I;-1049611685,301025837,-2006790665,866397382],Properties:{textures:[{Value:\"eyJ0ZXh0dXJlcyI6eyJTS0lOIjp7InVybCI6Imh0dHA6Ly90ZXh0dXJlcy5taW5lY3JhZnQubmV0L3RleHR1cmUvZTQ5ZDIxMmJmYzBhMzRhNzA3NjNlMmE2OGRlNGZhOTI3MGNjZjJkODA3MWIxY2M4MzgxM2U0MTA2YjlkMWRmZSJ9fX0=\"}]}}}"
						}
					],
					"weight": 5
				},
				{
					"type": "item",
					"name": "minecraft:gray_banner",
					"weight": 3,
					"functions": [
						{
							"function": "set_nbt",
							"tag": "{display:{Name:\"{\\\"text\\\":\\\"Enderdragon\\\"}\", Lore:[\"By Anonymous\"]}, BlockEntityTag:{Patterns:[{Pattern:cbo,Color:15},{Pattern:rs,Color:7},{Pattern:flo,Color:10},{Pattern:ms,Color:15},{Pattern:tt,Color:7},{Pattern:moj,Color:15}]}}"
						}
					]
				},
				{
					"type": "item",
					"name": "minecraft:purple_banner",
					"weight": 3,
					"functions": [
						{
							"function": "set_nbt",
							"tag": "{display:{Name:\"{\\\"text\\\":\\\"Enderman\\\"}\", Lore:[\"By 4BeeFour\"]}, BlockEntityTag:{Patterns:[{Pattern:sc,Color:15},{Pattern:ss,Color:10},{Pattern:ss,Color:15},{Pattern:tt,Color:2},{Pattern:sku,Color:15},{Pattern:cre,Color:15},{Pattern:cre,Color:15},{Pattern:flo,Color:15},{Pattern:flo,Color:15},{Pattern:rs,Color:10},{Pattern:ls,Color:10},{Pattern:ts,Color:10}]}}"
						}
					]
				}
			]
		},
		{
			"rolls": {
				"min": 0,
				"max": 2
			},
			"entries": [
				{
					"type": "item",
					"name": "minecraft:shulker_shell",
					"weight": 2,
					"functions": [
						{
							"function": "set_count",
							"count": {
								"min": 1,
								"max": 4
							}
						}
					]
				},
				{
					"type": "item",
					"name": "minecraft:ender_pearl",
					"weight": 10,
					"functions": [
						{
							"function": "set_count",
							"count": {
								"min": 2,
								"max": 8
							}
						}
					]
				},
				{
					"type": "minecraft:item",
					"name": "minecraft:shulker_box",
					"weight": 1
				}
			]
		}
	]
}