{
	"pools": [
		{
			"rolls": {
				"min": 2,
				"max": 8
			},
			"entries": [
				{
					"type": "item",
					"name": "minecraft:apple",
					"weight": 15,
					"functions": [
						{
							"function": "minecraft:set_count",
							"count": {
								"min": 1,
								"max": 3
							}
						}
					]
				},
				{
					"type": "item",
					"name": "minecraft:black_banner",
					"weight": 5,
					"functions": [
						{
							"function": "set_nbt",
							"tag": "{display:{Name:\"{\\\"text\\\":\\\"Cloudy Night\\\"}\", Lore:[\"By Tetrajak\"]}, BlockEntityTag:{Patterns:[{Pattern:mc,Color:0},{Pattern:bri,Color:0},{Pattern:bri,Color:7},{Pattern:cbo,Color:15},{Pattern:ts,Color:15},{Pattern:bs,Color:15}]}}"
						}
					]
				},
				{
					"type": "item",
					"name": "minecraft:player_head",
					"weight": 5,
					"functions": [
						{
							"function": "set_nbt",
							"tag": "{display:{Name:\"{\\\"text\\\":\\\"Frosty the Snowman Books\\\"}\"},SkullOwner:{Id:[I;1890788736,1089358991,-1959207801,-1465822704],Properties:{textures:[{Value:\"eyJ0ZXh0dXJlcyI6eyJTS0lOIjp7InVybCI6Imh0dHA6Ly90ZXh0dXJlcy5taW5lY3JhZnQubmV0L3RleHR1cmUvOTM3NDFkODM2MGFmYjg3MDZkYmU4YzI4NjAxZjY4ODk4YjkyMTQ2MDMwOWQ4YjU1MGI1MDNmY2MxMjdhZWUxMiJ9fX0=\"}]}}}"
						}
					]
				},
				{
					"type": "item",
					"name": "minecraft:experience_bottle",
					"functions": [
						{
							"function": "set_count",
							"count": {
								"min": 4,
								"max": 12
							}
						}
					],
					"weight": 10
				},
				{
					"type": "item",
					"name": "minecraft:rotten_flesh",
					"weight": 10
				},
				{
					"type": "item",
					"name": "minecraft:emerald",
					"weight": 1
				},
				{
					"type": "item",
					"name": "minecraft:wheat",
					"weight": 10,
					"functions": [
						{
							"function": "minecraft:set_count",
							"count": {
								"min": 2,
								"max": 3
							}
						}
					]
				},
				{
					"type": "item",
					"name": "minecraft:tipped_arrow",
					"weight": 10,
					"functions": [
						{
							"function": "minecraft:set_count",
							"count": {
								"min": 8,
								"max": 16
							}
						},
						{
							"function": "set_nbt",
							"tag": "{CustomPotionEffects:[{Id:2,Amplifier:2,Duration:3200}],CustomPotionColor:7048637,display:{Name:\"{\\\"text\\\":\\\"Arrow of Sloth\\\"\"}}"
						}
					]
				},
				{
					"type": "minecraft:item",
					"name": "minecraft:white_shulker_box",
					"weight": 1
				}
			]
		},
		{
			"rolls": 1,
			"entries": [
				{
					"type": "item",
					"name": "minecraft:golden_apple",
					"weight": 1
				}
			]
		}
	]
}