{
	"pools": [
		{
			"rolls": {
				"min": 2,
				"max": 4
			},
			"entries": [
				{
					"type": "item",
					"name": "minecraft:experience_bottle",
					"functions": [
						{
							"function": "set_count",
							"count": {
								"min": 4,
								"max": 12
							}
						}
					],
					"weight": 5
				},
				{
					"type": "item",
					"name": "minecraft:player_head",
					"functions": [
						{
							"function": "set_nbt",
							"tag": "{display:{Name:\"{\\\"text\\\":\\\"Candle (black)\\\"}\"},SkullOwner:{Id:[I;618716322,464079142,-1384762982,1719819277],Properties:{textures:[{Value:\"eyJ0ZXh0dXJlcyI6eyJTS0lOIjp7InVybCI6Imh0dHA6Ly90ZXh0dXJlcy5taW5lY3JhZnQubmV0L3RleHR1cmUvZGFmYzRiMDQ1OTgzZTY4OTVjNWY0MDAyOGU5OTNkNTE2NzMyZTkzNmRlMTU4M2VjYmEzZjMyZmUxNWZjZjAzZiJ9fX0=\"}]}}}"
						}
					],
					"weight": 5
				},
				{
					"type": "item",
					"name": "minecraft:player_head",
					"functions": [
						{
							"function": "set_nbt",
							"tag": "{display:{Name:\"{\\\"text\\\":\\\"Nether Wart\\\"}\"},SkullOwner:{Id:[I;-1337244671,562120200,-1508450293,2011608202],Properties:{textures:[{Value:\"eyJ0ZXh0dXJlcyI6eyJTS0lOIjp7InVybCI6Imh0dHA6Ly90ZXh0dXJlcy5taW5lY3JhZnQubmV0L3RleHR1cmUvMTExYTNjZWM3YWFmOTA0MjEyY2NmOTNiYjY3YTNjYWYzZDY0OTc4M2JhOTBiOGI2MGJiNjNjNzY4N2ViMzlmIn19fQ==\"}]}}}"
						}
					],
					"weight": 5
				},
				{
					"type": "item",
					"name": "minecraft:player_head",
					"functions": [
						{
							"function": "set_nbt",
							"tag": "{display:{Name:\"{\\\"text\\\":\\\"Magma Cream\\\"}\"},SkullOwner:{Id:[I;934947891,-1953938810,-1172242575,1016210843],Properties:{textures:[{Value:\"eyJ0ZXh0dXJlcyI6eyJTS0lOIjp7InVybCI6Imh0dHA6Ly90ZXh0dXJlcy5taW5lY3JhZnQubmV0L3RleHR1cmUvNDMwOTNhNWI3NzY0MmQ0MDkyMTEyZjQ2ZWE2ODE0MGZiNWFlMDRiYmQyMzFjZGExMDY2YTA0YzE4Yjg5Yzk0ZSJ9fX0=\"}]}}}"
						}
					],
					"weight": 5
				},
				{
					"type": "item",
					"name": "minecraft:golden_sword",
					"weight": 5
				},
				{
					"type": "item",
					"name": "minecraft:iron_leggings",
					"weight": 5,
					"functions": [
						{
							"function": "set_nbt",
							"tag": "{display:{Name:\"{\\\"text\\\":\\\"Pants of Truth\\\"}\", Lore:[\"Fire Protection VII\"]}, Enchantments:[{id:\"fire_protection\", lvl:7s}], RepairCost:99}"
						}
					]
				},
				{
					"type": "item",
					"name": "minecraft:flint_and_steel",
					"weight": 5
				},
				{
					"type": "item",
					"name": "minecraft:saddle",
					"weight": 10
				},
				{
					"type": "item",
					"name": "minecraft:golden_horse_armor",
					"weight": 8
				},
				{
					"type": "item",
					"name": "minecraft:iron_horse_armor",
					"weight": 5
				},
				{
					"type": "item",
					"name": "minecraft:diamond_horse_armor",
					"weight": 3
				},
				{
					"type": "item",
					"name": "minecraft:obsidian",
					"functions": [
						{
							"function": "set_count",
							"count": {
								"min": 2,
								"max": 4
							}
						}
					],
					"weight": 2
				},
				{
					"type": "item",
					"name": "minecraft:red_banner",
					"weight": 3,
					"functions": [
						{
							"function": "set_nbt",
							"tag": "{display:{Name:\"{\\\"text\\\":\\\"Death By Fire\\\"}\", Lore:[\"By Anonymous\"]}, BlockEntityTag:{Patterns:[{Pattern:mr,Color:15},{Pattern:bo,Color:15},{Pattern:cre,Color:15},{Pattern:ss,Color:15},{Pattern:bts,Color:1},{Pattern:hh,Color:15},{Pattern:sku,Color:0},{Pattern:sku,Color:15}]}}"
						}
					]
				},
				{
					"type": "item",
					"name": "minecraft:tipped_arrow",
					"weight": 5,
					"functions": [
						{
							"function": "minecraft:set_count",
							"count": {
								"min": 8,
								"max": 16
							}
						},
						{
							"function": "set_nbt",
							"tag": "{CustomPotionEffects:[{Id:18,Amplifier:2,Duration:3200}],CustomPotionColor:7039764,display:{Name:\"{\\\"text\\\":\\\"Arrow of Impotence\\\"\"}}"
						}
					]
				},
				{
					"type": "item",
					"name": "minecraft:splash_potion",
					"weight": 5,
					"functions": [
						{
							"function": "set_nbt",
							"tag": "{CustomPotionEffects:[{Id:20,Duration:400}],CustomPotionColor:3877931,display:{Name:\"{\\\"text\\\":\\\"Splash Potion of Wither\\\"\"}}"
						}
					]
				},
				{
					"type": "minecraft:item",
					"name": "minecraft:orange_shulker_box",
					"weight": 1
				}
			]
		},
		{
			"rolls": {
				"min": 1,
				"max": 4
			},
			"entries": [
				
				{
					"type": "item",
					"name": "minecraft:wither_skeleton_skull",
					"weight": 1
				},
				{
					"type": "item",
					"name": "minecraft:ghast_tear",
					"weight": 2
				},
				{
					"type": "item",
					"name": "minecraft:blaze_rod",
					"weight": 5
				},
				{
					"type": "item",
					"name": "minecraft:nether_wart",
					"functions": [
						{
							"function": "set_count",
							"count": {
								"min": 3,
								"max": 7
							}
						}
					],
					"weight": 5
				}
			]
		}
	]
}