{
	"pools": [
		{
			"rolls": {
				"min": 2,
				"max": 4
			},
			"entries": [
				{
					"type": "item",
					"name": "minecraft:player_head",
					"weight": 5,
					"functions": [
						{
							"function": "set_nbt",
							"tag": "{display:{Name:\"{\\\"text\\\":\\\"Candle\\\"}\"},SkullOwner:{Id:[I;-1780096212,-209696924,-1499650328,-669850726],Properties:{textures:[{Value:\"eyJ0ZXh0dXJlcyI6eyJTS0lOIjp7InVybCI6Imh0dHA6Ly90ZXh0dXJlcy5taW5lY3JhZnQubmV0L3RleHR1cmUvNzg3ZDgzNWI1NDNlZDFiMDI0MTU3MDFjYTdiM2Y4YzhhMGExMTJhZjEzMThmOWNlYzVhNWU5MWU0ODE0YTI0OSJ9fX0=\"}]}}}"
						}
					]
				},
				{
					"type": "item",
					"name": "minecraft:player_head",
					"weight": 5,
					"functions": [
						{
							"function": "set_nbt",
							"tag": "{display:{Name:\"{\\\"text\\\":\\\"Hourglass\\\"}\"},SkullOwner:{Id:[I;-1736413846,-1165672323,-1445081926,-388099681],Properties:{textures:[{Value:\"eyJ0ZXh0dXJlcyI6eyJTS0lOIjp7InVybCI6Imh0dHA6Ly90ZXh0dXJlcy5taW5lY3JhZnQubmV0L3RleHR1cmUvNmM3ZDM1YzdmNWMyODQ5ZDFlMjM4OTZlYmFiMjQ0ZDM0ZWYwZGFmZWRkODkxOTc0OTQ2MWI3ZDE1Y2MxZjA0In19fQ==\"}]}}}"
						}
					]
				},
				{
					"type": "item",
					"name": "minecraft:player_head",
					"weight": 5,
					"functions": [
						{
							"function": "set_nbt",
							"tag": "{display:{Name:\"{\\\"text\\\":\\\"Stool\\\"}\"},SkullOwner:{Id:[I;442901772,1052919345,-1313747547,-2120007569],Properties:{textures:[{Value:\"eyJ0ZXh0dXJlcyI6eyJTS0lOIjp7InVybCI6Imh0dHA6Ly90ZXh0dXJlcy5taW5lY3JhZnQubmV0L3RleHR1cmUvZTBkOGJhNjY0N2ZjMmJjZTU5ZDgyY2NmMjJjNTRjMWJmMTBjNDg3NzNkMDQ3ZDgyNDkxMGI4NTA4NGE0NjM5NSJ9fX0=\"}]}}}"
						}
					]
				},
				{
					"type": "item",
					"name": "minecraft:emerald",
					"weight": 20,
					"functions": [
						{
							"function": "set_count",
							"count": {
								"min": 1,
								"max": 5
							}
						}
					]
				},
				{
					"type": "item",
					"name": "minecraft:light_blue_banner",
					"weight": 5,
					"functions": [
						{
							"function": "set_nbt",
							"tag": "{display:{Name:\"{\\\"text\\\":\\\"Single Cloud\\\"}\", Lore:[\"By Tetrajak\"]}, BlockEntityTag:{Patterns:[{Pattern:moj,Color:0},{Pattern:ms,Color:0},{Pattern:hhb,Color:3},{Pattern:bo,Color:3},{Pattern:gru,Color:0},{Pattern:bs,Color:13}]}}"
						}
					]
				},
				{
					"type": "item",
					"name": "minecraft:experience_bottle",
					"functions": [
						{
							"function": "set_count",
							"count": {
								"min": 4,
								"max": 12
							}
						}
					],
					"weight": 10
				}
			]
		},
		{
			"rolls": {
				"min": 2,
				"max": 5
			},
			"entries": [
				{
					"type": "item",
					"name": "minecraft:iron_nugget",
					"weight": 50,
					"functions": [
						{
							"function": "set_count",
							"count": {
								"min": 1,
								"max": 10
							}
						}
					]
				},
				{
					"type": "item",
					"name": "minecraft:gold_nugget",
					"weight": 10,
					"functions": [
						{
							"function": "set_count",
							"count": {
								"min": 1,
								"max": 10
							}
						}
					]
				},
				{
					"type": "item",
					"name": "minecraft:lapis_lazuli",
					"weight": 20,
					"functions": [
						{
							"function": "set_count",
							"count": {
								"min": 1,
								"max": 10
							}
						}
					]
				}
			]
		}
	]
}