{
	"pools": [
		{
			"rolls": 1,
			"entries": [
				{
					"type": "item",
					"name": "minecraft:map",
					"functions": [
						{
							"function": "minecraft:exploration_map",
							"destination": "buried_treasure",
							"decoration": "red_x",
							"zoom": 1,
							"skip_existing_chunks": false
						}
					]
				}
			]
		},
		{
			"rolls": 3,
			"entries": [
				{
					"type": "item",
					"name": "minecraft:player_head",
					"functions": [
						{
							"function": "set_nbt",
							"tag": "{display:{Name:\"{\\\"text\\\":\\\"Fish Tank\\\"}\"},SkullOwner:{Id:[I;-40150888,-586463624,-1649442773,-1626127860],Properties:{textures:[{Value:\"eyJ0ZXh0dXJlcyI6eyJTS0lOIjp7InVybCI6Imh0dHA6Ly90ZXh0dXJlcy5taW5lY3JhZnQubmV0L3RleHR1cmUvNGNlOGZkYTEzMDNiNWIzMjM5Yjk2ZWZiYTM5NWY2MjcxN2NjODc4NWJlMzJlMWQ4ODlhZmU2Yjk3YmIxYzFhIn19fQ==\"}]}}}"
						}
					],
					"weight": 2
				},
				{
					"type": "item",
					"name": "minecraft:player_head",
					"functions": [
						{
							"function": "set_nbt",
							"tag": "{display:{Name:\"{\\\"text\\\":\\\"Pirate Mannequin\\\"}\"},SkullOwner:{Id:[I;764771219,-330088067,-1087012510,1351796416],Properties:{textures:[{Value:\"eyJ0ZXh0dXJlcyI6eyJTS0lOIjp7InVybCI6Imh0dHA6Ly90ZXh0dXJlcy5taW5lY3JhZnQubmV0L3RleHR1cmUvNzQ3M2ZlMTZjNThkZGRhOTJhNDVmMWEyZTk2OWVmYWQ1NjQ4ZGFkOGE3MTM1MTcyYThkNzVjZjA2NGFmIn19fQ==\"}]}}}"
						}
					],
					"weight": 2
				},
				{
					"type": "item",
					"name": "minecraft:player_head",
					"functions": [
						{
							"function": "set_nbt",
							"tag": "{display:{Name:\"{\\\"text\\\":\\\"Captain Skelly\\\"}\"},SkullOwner:{Id:[I;741326104,315179623,-1903878829,1147520582],Properties:{textures:[{Value:\"eyJ0ZXh0dXJlcyI6eyJTS0lOIjp7InVybCI6Imh0dHA6Ly90ZXh0dXJlcy5taW5lY3JhZnQubmV0L3RleHR1cmUvOGIxYzkwZTY3ODk0ZWFkZDAxMTIwNzdiMDllZTdkOWIzMDBlNmFmZTkyNWJhY2NiNjQ4OTA0Y2UxYTZjMTU0NyJ9fX0=\"}]}}}"
						}
					],
					"weight": 2
				},
				{
					"type": "item",
					"name": "minecraft:experience_bottle",
					"functions": [
						{
							"function": "set_count",
							"count": {
								"min": 4,
								"max": 12
							}
						}
					],
					"weight": 5
				},
				{
					"type": "item",
					"name": "minecraft:compass",
					"weight": 1
				},
				{
					"type": "item",
					"name": "minecraft:map",
					"weight": 1
				},
				{
					"type": "item",
					"name": "minecraft:clock",
					"weight": 1
				},
				{
					"type": "item",
					"name": "minecraft:paper",
					"weight": 20,
					"functions": [
						{
							"function": "set_count",
							"count": {
								"min": 1,
								"max": 10
							}
						}
					]
				},
				{
					"type": "item",
					"name": "minecraft:book",
					"weight": 5,
					"functions": [
						{
							"function": "set_count",
							"count": {
								"min": 1,
								"max": 5
							}
						}
					]
				}
			]
		}
	]
}