{
  "pools": [
		{
			"rolls": {
			"min": 3,
			"max": 10
			},
			"entries": [
				{
					"type": "item",
					"name": "minecraft:paper",
					"weight": 8,
					"functions": [
						{
							"function": "set_count",
							"count": {
							"min": 1,
							"max": 12
							}
						}
					]
				},
				{
					"type": "item",
					"name": "minecraft:poisonous_potato",
					"weight": 7,
					"functions": [
						{
							"function": "set_count",
							"count": {
							"min": 2,
							"max": 6
							}
						}
					]
				},
				{
					"type": "item",
					"name": "minecraft:carrot",
					"weight": 7,
					"functions": [
						{
							"function": "set_count",
							"count": {
							"min": 4,
							"max": 8
							}
						}
					]
				},
				{
					"type": "item",
					"name": "minecraft:wheat",
					"weight": 7,
					"functions": [
						{
							"function": "set_count",
							"count": {
							"min": 8,
							"max": 21
							}
						}
					]
				},
				{
					"type": "item",
					"name": "minecraft:player_head",
					"weight": 2,
					"functions": [
						{
							"function": "set_nbt",
							"tag": "{display:{Name:\"{\\\"text\\\":\\\"Barrel (sideways, open)\\\"}\"},SkullOwner:{Id:[I;633216096,114901444,-1367149859,538556405],Properties:{textures:[{Value:\"eyJ0ZXh0dXJlcyI6eyJTS0lOIjp7InVybCI6Imh0dHA6Ly90ZXh0dXJlcy5taW5lY3JhZnQubmV0L3RleHR1cmUvNWU0OTk4NWMzY2UyN2RjYzcyYjYwYmM0ZTAwMTczMTZjNzE5NDM3MTVjZWNjOTdiMzYxNmQ0MmE5ZDkxOWFjMSJ9fX0=\"}]}}}"
						}
					]
				},
				{
					"type": "item",
					"name": "minecraft:player_head",
					"weight": 2,
					"functions": [
						{
							"function": "set_nbt",
							"tag": "{display:{Name:\"{\\\"text\\\":\\\"Barrel (open)\\\"}\"},SkullOwner:{Id:[I;-2110060450,1803371897,-1861919606,1044351832],Properties:{textures:[{Value:\"eyJ0ZXh0dXJlcyI6eyJTS0lOIjp7InVybCI6Imh0dHA6Ly90ZXh0dXJlcy5taW5lY3JhZnQubmV0L3RleHR1cmUvNzdmZDgxMThmMDc4MjhjZjdkOTM5MWM1YTAyMTRhYTI1YWYyNGM5OGU0NTAzZTBiMmZjYzhlZmRkMzE4OWJiMCJ9fX0=\"}]}}}"
						}
					]
				},
				{
					"type": "item",
					"name": "minecraft:player_head",
					"weight": 3,
					"functions": [
						{
							"function": "set_nbt",
							"tag": "{display:{Name:\"{\\\"text\\\":\\\"Logs\\\"}\"},SkullOwner:{Id:[I;-1902346387,1196706748,-1455188887,-424658165],Properties:{textures:[{Value:\"eyJ0ZXh0dXJlcyI6eyJTS0lOIjp7InVybCI6Imh0dHA6Ly90ZXh0dXJlcy5taW5lY3JhZnQubmV0L3RleHR1cmUvODg4YzQ3MzllMjI4M2FhYTYyODE5NTk0ODZkMTQ5ZjMwNmI2ZTY3MjlhNmExYjNiZjljODUzYTIyYTkifX19\"}]}}}"
						}
					]
				},
				{
					"type": "item",
					"name": "minecraft:player_head",
					"weight": 3,
					"functions": [
						{
							"function": "set_nbt",
							"tag": "{display:{Name:\"{\\\"text\\\":\\\"Cannonball\\\"}\"},SkullOwner:{Id:[I;-639877664,1727545686,-2004029853,-632720288],Properties:{textures:[{Value:\"eyJ0ZXh0dXJlcyI6eyJTS0lOIjp7InVybCI6Imh0dHA6Ly90ZXh0dXJlcy5taW5lY3JhZnQubmV0L3RleHR1cmUvMjI1MjNlMTVlOTk4NjM1NWExZjg1MWY0M2Y3NTBlZTNmMjNjODlhZTEyMzYzMWRhMjQxZjg3MmJhN2E3ODEifX19\"}]}}}"
						}
					]
				},
				{
					"type": "item",
					"name": "minecraft:writable_book",
					"weight": 5
				},
				{
					"type": "item",
					"name": "minecraft:pumpkin",
					"weight": 2,
					"functions": [
						{
							"function": "set_count",
							"count": {
							"min": 1,
							"max": 3
							}
						}
					]
				},
				{
					"type": "item",
					"name": "minecraft:gunpowder",
					"weight": 3,
					"functions": [
						{
							"function": "set_count",
							"count": {
							"min": 1,
							"max": 5
							}
						}
					]
				},
				{
					"type": "item",
					"name": "minecraft:tnt",
					"weight": 1,
					"functions": [
						{
							"function": "set_count",
							"count": {
							"min": 1,
							"max": 2
							}
						}
					]
				},
				{
					"type": "item",
					"name": "minecraft:leather_helmet",
					"weight": 3,
					"functions": [
						{
							"function": "enchant_randomly"
						}
					]
				},
				{
					"type": "item",
					"name": "minecraft:leather_chestplate",
					"weight": 3,
					"functions": [
						{
							"function": "enchant_randomly"
						}
					]
				},
				{
					"type": "item",
					"name": "minecraft:leather_leggings",
					"weight": 3,
					"functions": [
						{
							"function": "enchant_randomly"
						}
					]
				},
				{
					"type": "item",
					"name": "minecraft:leather_boots",
					"weight": 3,
					"functions": [
						{
							"function": "enchant_randomly"
						}
					]
				},
				{
					"type": "minecraft:item",
					"name": "minecraft:black_shulker_box",
					"weight": 1
				}
			]
		}
  ]
}