{
	"pools": [
		{
			"rolls": {
				"min": 1,
				"max": 3
			},
			"entries": [
				{
					"type": "item",
					"name": "minecraft:saddle",
					"weight": 20
				},
				{
					"type": "item",
					"name": "minecraft:golden_apple",
					"weight": 15
				},
				{
					"type": "item",
					"name": "minecraft:enchanted_golden_apple",
					"weight": 2
				},
				{
					"type": "item",
					"name": "minecraft:music_disc_13",
					"weight": 15
				},
				{
					"type": "item",
					"name": "minecraft:music_disc_cat",
					"weight": 15
				},
				{
					"type": "item",
					"name": "minecraft:name_tag",
					"weight": 20
				},
				{
					"type": "item",
					"name": "minecraft:golden_horse_armor",
					"weight": 10
				},
				{
					"type": "item",
					"name": "minecraft:iron_horse_armor",
					"weight": 15
				},
				{
					"type": "item",
					"name": "minecraft:diamond_horse_armor",
					"weight": 5
				},
				{
					"type": "item",
					"name": "minecraft:book",
					"weight": 10,
					"functions": [
						{
							"function": "enchant_randomly"
						}
					]
				}
			]
		},
		{
			"rolls": {
				"min": 1,
				"max": 4
			},
			"entries": [
				{
					"type": "item",
					"name": "minecraft:player_head",
					"functions": [
						{
							"function": "set_nbt",
							"tag": "{display:{Name:\"{\\\"text\\\":\\\"Chest\\\"}\"},SkullOwner:{Id:[I;2026944583,1127695676,-1287604424,-477021773],Properties:{textures:[{Value:\"eyJ0ZXh0dXJlcyI6eyJTS0lOIjp7InVybCI6Imh0dHA6Ly90ZXh0dXJlcy5taW5lY3JhZnQubmV0L3RleHR1cmUvNjA4MjczZGE0MzI2ZDNhNWRjM2E5OTk4MzljYzk5NzdjZmE5ZWFiZmQ1OWY3NTNiZTUyYzAzZGNlNTk2OSJ9fX0=\"}]}}}"
						}
					],
					"weight": 5
				},
				{
					"type": "item",
					"name": "minecraft:player_head",
					"functions": [
						{
							"function": "set_nbt",
							"tag": "{display:{Name:\"{\\\"text\\\":\\\"Zombie Head in a Bottle\\\"}\"},SkullOwner:{Id:[I;-1989586471,1065176843,-1476717168,1641219256],Properties:{textures:[{Value:\"eyJ0ZXh0dXJlcyI6eyJTS0lOIjp7InVybCI6Imh0dHA6Ly90ZXh0dXJlcy5taW5lY3JhZnQubmV0L3RleHR1cmUvNTYxMjhlM2VjNDQwZDBjZmU1MjQxYTQyZjI3NjFmM2U1Yjg0NjZiOGY5MTM4YzRiZGQyYmQzN2E2Njg4MzY0NiJ9fX0=\"}]}}}"
						}
					],
					"weight": 5
				},
				{
					"type": "item",
					"name": "minecraft:player_head",
					"functions": [
						{
							"function": "set_nbt",
							"tag": "{display:{Name:\"{\\\"text\\\":\\\"Broken Spawner\\\"}\"},SkullOwner:{Id:[I;-770992851,1842824507,-1922608139,-974962708],Properties:{textures:[{Value:\"eyJ0ZXh0dXJlcyI6eyJTS0lOIjp7InVybCI6Imh0dHA6Ly90ZXh0dXJlcy5taW5lY3JhZnQubmV0L3RleHR1cmUvOWY0NTVkMTEzNTVkZThlM2E2Y2Q2ZmU5NzBiYWQ1MWM1OTJhYTZhNTcxNzMwOTI1NWZiMWI5ZTQ3YTRlIn19fQ==\"}]}}}"
						}
					],
					"weight": 5
				},
				{
					"type": "item",
					"name": "minecraft:white_banner",
					"weight": 3,
					"functions": [
						{
							"function": "set_nbt",
							"tag": "{display:{Name:\"{\\\"text\\\":\\\"Skeleton\\\"}\", Lore:[\"By Tetrajak\"]}, BlockEntityTag:{Patterns:[{Pattern:bs,Color:7},{Pattern:cs,Color:0},{Pattern:hh,Color:7},{Pattern:sku,Color:0},{Pattern:bo,Color:7}]}}"
						}
					]
				},
				{
					"type": "item",
					"name": "minecraft:gray_banner",
					"weight": 3,
					"functions": [
						{
							"function": "set_nbt",
							"tag": "{display:{Name:\"{\\\"text\\\":\\\"Dungeon\\\"}\", Lore:[\"By Tetrajak\"]}, BlockEntityTag:{Patterns:[{Pattern:cbo,Color:13},{Pattern:bri,Color:8},{Pattern:mr,Color:15},{Pattern:flo,Color:15},{Pattern:sku,Color:0}]}}"
						}
					]
				},
				{
					"type": "item",
					"name": "minecraft:bread",
					"weight": 20
				},
				{
					"type": "item",
					"name": "minecraft:wheat",
					"weight": 20,
					"functions": [
						{
							"function": "set_count",
							"count": {
								"min": 1,
								"max": 4
							}
						}
					]
				},
				{
					"type": "item",
					"name": "minecraft:bucket",
					"weight": 10
				},
				{
					"type": "item",
					"name": "minecraft:experience_bottle",
					"functions": [
						{
							"function": "set_count",
							"count": {
								"min": 4,
								"max": 12
							}
						}
					],
					"weight": 15
				},
				{
					"type": "item",
					"name": "minecraft:melon_seeds",
					"functions": [
						{
							"function": "set_count",
							"count": {
								"min": 2,
								"max": 4
							}
						}
					],
					"weight": 10
				},
				{
					"type": "item",
					"name": "minecraft:pumpkin_seeds",
					"functions": [
						{
							"function": "set_count",
							"count": {
								"min": 2,
								"max": 4
							}
						}
					],
					"weight": 10
				},
				{
					"type": "item",
					"name": "minecraft:beetroot_seeds",
					"functions": [
						{
							"function": "set_count",
							"count": {
								"min": 2,
								"max": 4
							}
						}
					],
					"weight": 10
				},
				{
					"type": "minecraft:item",
					"name": "minecraft:green_shulker_box",
					"weight": 1
				}
			]
		},
		{
			"rolls": 3,
			"entries": [
				{
					"type": "item",
					"name": "minecraft:bone",
					"weight": 10,
					"functions": [
						{
							"function": "set_count",
							"count": {
								"min": 1,
								"max": 8
							}
						}
					]
				},
				{
					"type": "item",
					"name": "minecraft:rotten_flesh",
					"weight": 10,
					"functions": [
						{
							"function": "set_count",
							"count": {
								"min": 1,
								"max": 3
							}
						}
					]
				},
				{
					"type": "item",
					"name": "minecraft:spider_eye",
					"weight": 10,
					"functions": [
						{
							"function": "set_count",
							"count": {
								"min": 1,
								"max": 3
							}
						}
					]
				},
				{
					"type": "item",
					"name": "minecraft:mossy_cobblestone",
					"weight": 10,
					"functions": [
						{
							"function": "set_count",
							"count": {
								"min": 1,
								"max": 8
							}
						}
					]
				}
			]
		}
	]
}