{
	"pools": [
		{
			"rolls": {
				"min": 2,
				"max": 3
			},
			"entries": [
				{
					"type": "item",
					"name": "minecraft:ender_pearl",
					"weight": 10
				},
				{
					"type": "item",
					"name": "minecraft:player_head",
					"functions": [
						{
							"function": "set_nbt",
							"tag": "{display:{Name:\"{\\\"text\\\":\\\"Pile of Logs\\\"}\"},SkullOwner:{Id:[I;1298523387,35341409,-1348923827,632428596],Properties:{textures:[{Value:\"eyJ0ZXh0dXJlcyI6eyJTS0lOIjp7InVybCI6Imh0dHA6Ly90ZXh0dXJlcy5taW5lY3JhZnQubmV0L3RleHR1cmUvY2FkNTdkMWY2MDQ3OGFmNmFlMWI2YjFjMjhjZWU1MzRkNWRiYjhjOGNhYjg3OTYzZTljMmVmMGM2YWM1OCJ9fX0=\"}]}}}"
						}
					],
					"weight": 5
				},
				{
					"type": "item",
					"name": "minecraft:player_head",
					"functions": [
						{
							"function": "set_nbt",
							"tag": "{display:{Name:\"{\\\"text\\\":\\\"Bag\\\"}\"},SkullOwner:{Id:[I;-280318807,371483529,351431569,1700428985],Properties:{textures:[{Value:\"eyJ0ZXh0dXJlcyI6eyJTS0lOIjp7InVybCI6Imh0dHA6Ly90ZXh0dXJlcy5taW5lY3JhZnQubmV0L3RleHR1cmUvNGNiM2FjZGMxMWNhNzQ3YmY3MTBlNTlmNGM4ZTliM2Q5NDlmZGQzNjRjNjg2OTgzMWNhODc4ZjA3NjNkMTc4NyJ9fX0=\"}]}}}"
						}
					],
					"weight": 5
				},
				{
					"type": "item",
					"name": "minecraft:player_head",
					"functions": [
						{
							"function": "set_nbt",
							"tag": "{display:{Name:\"{\\\"text\\\":\\\"Rope\\\"}\"},SkullOwner:{Id:[I;632106493,827467763,1497883332,-1895484513],Properties:{textures:[{Value:\"eyJ0ZXh0dXJlcyI6eyJTS0lOIjp7InVybCI6Imh0dHA6Ly90ZXh0dXJlcy5taW5lY3JhZnQubmV0L3RleHR1cmUvMzFhNzk3M2YyNWNiYmIwNzhmNTk1YzA0MzQ5ZmM1NDFhYzFkZjlhNDRiOGMxYTE2YzUyODU4MWFhNDE3MCJ9fX0=\"}]}}}"
						}
					],
					"weight": 5
				},
				{
					"type": "item",
					"name": "minecraft:experience_bottle",
					"functions": [
						{
							"function": "set_count",
							"count": {
								"min": 4,
								"max": 12
							}
						}
					],
					"weight": 10
				},
				{
					"type": "item",
					"name": "minecraft:bread",
					"functions": [
						{
							"function": "set_count",
							"count": {
								"min": 1,
								"max": 3
							}
						}
					],
					"weight": 15
				},
				{
					"type": "item",
					"name": "minecraft:poisonous_potato",
					"functions": [
						{
							"function": "set_count",
							"count": {
								"min": 1,
								"max": 3
							}
						}
					],
					"weight": 15
				},
				{
					"type": "item",
					"name": "minecraft:iron_pickaxe",
					"weight": 5
				},
				{
					"type": "item",
					"name": "minecraft:iron_sword",
					"weight": 5
				},
				{
					"type": "item",
					"name": "minecraft:iron_chestplate",
					"weight": 5
				},
				{
					"type": "item",
					"name": "minecraft:iron_helmet",
					"weight": 5
				},
				{
					"type": "item",
					"name": "minecraft:iron_leggings",
					"weight": 5
				},
				{
					"type": "item",
					"name": "minecraft:iron_boots",
					"weight": 5
				},
				{
					"type": "item",
					"name": "minecraft:golden_apple",
					"weight": 1
				},
				{
					"type": "item",
					"name": "minecraft:saddle",
					"weight": 1
				},
				{
					"type": "item",
					"name": "minecraft:potion",
					"weight": 5,
					"functions": [
						{
							"function": "set_nbt",
							"tag": "{CustomPotionEffects:[{Id:4,Duration:6000},{Id:5,Amplifier:2,Duration:6000}],CustomPotionColor:12078878,display:{Name:\"{\\\"text\\\":\\\"Warriors Brew\\\"}\"}}"
						}
					]
				},
				{
					"type": "item",
					"name": "minecraft:red_banner",
					"weight": 3,
					"functions": [
						{
							"function": "set_nbt",
							"tag": "{display:{Name:\"{\\\"text\\\":\\\"Chinese Banner\\\"}\", Lore:[\"By xXchrispXx\"]}, BlockEntityTag:{Patterns:[{Pattern:bo,Color:4},{Pattern:ss,Color:4},{Pattern:bri,Color:14},{Pattern:cbo,Color:4},{Pattern:bo,Color:14},{Pattern:flo,Color:4}]}}"
						}
					]
				},
				{
					"type": "item",
					"name": "minecraft:book",
					"weight": 1,
					"functions": [
						{
							"function": "enchant_with_levels",
							"levels": 30,
							"treasure": true
						}
					]
				}
			]
		}
	]
}