{
	"pools": [
		{
			"rolls": {
				"min": 1,
				"max": 4
			},
			"entries": [
				{
					"type": "item",
					"name": "minecraft:experience_bottle",
					"functions": [
						{
							"function": "set_count",
							"count": {
								"min": 4,
								"max": 12
							}
						}
					],
					"weight": 10
				},
				{
					"type": "item",
					"name": "minecraft:totem_of_undying",
					"weight": 2
				},
				{
					"type": "item",
					"name": "minecraft:player_head",
					"functions": [
						{
							"function": "set_nbt",
							"tag": "{display:{Name:\"{\\\"text\\\":\\\"Endportal Frame\\\"}\"},SkullOwner:{Id:[I;1731735608,-1694282311,-1475170688,1720316741],Properties:{textures:[{Value:\"eyJ0ZXh0dXJlcyI6eyJTS0lOIjp7InVybCI6Imh0dHA6Ly90ZXh0dXJlcy5taW5lY3JhZnQubmV0L3RleHR1cmUvZjQ2ODRlM2U3ODkwY2FmN2QxMzc2MmVhMTllYjE0YzU5NDBiODhmZDdmMDc3ZDgxZTZlZmZiNGY2ZGYxNmMyNiJ9fX0=\"}]}}}"
						}
					],
					"weight": 5
				},
				{
					"type": "item",
					"name": "minecraft:player_head",
					"functions": [
						{
							"function": "set_nbt",
							"tag": "{display:{Name:\"{\\\"text\\\":\\\"Beer Barrel\\\"}\"},SkullOwner:{Id:[I;679691285,-1353823811,-2083581681,1045079152],Properties:{textures:[{Value:\"eyJ0ZXh0dXJlcyI6eyJTS0lOIjp7InVybCI6Imh0dHA6Ly90ZXh0dXJlcy5taW5lY3JhZnQubmV0L3RleHR1cmUvZmZiOTg1OTYyZjQ2ZTA1NWY1M2Q4ZWUzNWIxMWI4YTYyZjM5N2RhZDlkYjlmZWFlZmY0ODI5NjMwZDlkOSJ9fX0=\"}]}}}"
						}
					],
					"weight": 5
				},
				{
					"type": "item",
					"name": "minecraft:player_head",
					"functions": [
						{
							"function": "set_nbt",
							"tag": "{display:{Name:\"{\\\"text\\\":\\\"Hay Bale\\\"}\"},SkullOwner:{Id:[I;377992018,-729264445,-1317804499,-554713638],Properties:{textures:[{Value:\"eyJ0ZXh0dXJlcyI6eyJTS0lOIjp7InVybCI6Imh0dHA6Ly90ZXh0dXJlcy5taW5lY3JhZnQubmV0L3RleHR1cmUvYWVhMjMxNjhjNmM5NDk5ZDI2ZDM0MTZlNzVjNDFiNTZkNjY5YTcyMGQ1ZWViYTdlNTJhYjJiNDViMjRhOCJ9fX0=\"}]}}}"
						}
					],
					"weight": 5
				},
				{
					"type": "item",
					"name": "minecraft:bread",
					"functions": [
						{
							"function": "set_count",
							"count": {
								"min": 1,
								"max": 3
							}
						}
					],
					"weight": 15
				},
				{
					"type": "item",
					"name": "minecraft:poisonous_potato",
					"functions": [
						{
							"function": "set_count",
							"count": {
								"min": 1,
								"max": 3
							}
						}
					],
					"weight": 15
				},
				{
					"type": "item",
					"name": "minecraft:white_banner",
					"weight": 5,
					"functions": [
						{
							"function": "set_nbt",
							"tag": "{display:{Name:\"{\\\"text\\\":\\\"Dragon\\\"}\", Lore:[\"By Anonymous\"]}, BlockEntityTag:{Patterns:[{Pattern:gru,Color:6},{Pattern:mr,Color:15},{Pattern:cr,Color:2},{Pattern:bo,Color:10},{Pattern:ms,Color:7},{Pattern:cbo,Color:15},{Pattern:sku,Color:15},{Pattern:cre,Color:7},{Pattern:cre,Color:15},{Pattern:bts,Color:15},{Pattern:flo,Color:15},{Pattern:tt,Color:15}]}}"
						}
					]
				},
				{
					"type": "item",
					"name": "minecraft:book",
					"weight": 2,
					"functions": [
						{
							"function": "enchant_with_levels",
							"levels": 30,
							"treasure": true
						}
					]
				},
				{
					"type": "minecraft:item",
					"name": "minecraft:magenta_shulker_box",
					"weight": 1
				}
			]
		}
	]
}