{
	"pools": [
		{
			"rolls": {
				"min": 2,
				"max": 8
			},
			"entries": [
				{
					"type": "item",
					"name": "minecraft:experience_bottle",
					"functions": [
						{
							"function": "set_count",
							"count": {
								"min": 4,
								"max": 12
							}
						}
					],
					"weight": 20
				},
				{
					"type": "item",
					"name": "minecraft:player_head",
					"weight": 5,
					"functions": [
						{
							"function": "set_nbt",
							"tag": "{display:{Name:\"{\\\"text\\\":\\\"Pearl\\\"}\"},SkullOwner:{Id:[I;963052403,591151397,-1855964815,1543651791],Properties:{textures:[{Value:\"eyJ0ZXh0dXJlcyI6eyJTS0lOIjp7InVybCI6Imh0dHA6Ly90ZXh0dXJlcy5taW5lY3JhZnQubmV0L3RleHR1cmUvN2QxNmFlOTUxMTIwMzk0ZjM2OGYyMjUwYjdjM2FkM2ZiMTJjZWE1NWVjMWIyZGI1YTk0ZDFmYjdmZDRiNmZhIn19fQ==\"}]}}}"
						}
					]
				},
				{
					"type": "item",
					"name": "minecraft:player_head",
					"weight": 5,
					"functions": [
						{
							"function": "set_nbt",
							"tag": "{display:{Name:\"{\\\"text\\\":\\\"Sealed Rotting Chest\\\"}\"},SkullOwner:{Id:[I;-895994467,1631470581,-1194390402,736478295],Properties:{textures:[{Value:\"eyJ0ZXh0dXJlcyI6eyJTS0lOIjp7InVybCI6Imh0dHA6Ly90ZXh0dXJlcy5taW5lY3JhZnQubmV0L3RleHR1cmUvNjc0ZDEzYjUxMDE2OGM3YWNiNDRiNjQ0MTY4NmFkN2FiMWNiNWI3NDg4ZThjZGY5ZDViMjJiNDdjNDgzZjIzIn19fQ==\"}]}}}"
						}
					]
				},
				{
					"type": "item",
					"name": "minecraft:player_head",
					"weight": 5,
					"functions": [
						{
							"function": "set_nbt",
							"tag": "{display:{Name:\"{\\\"text\\\":\\\"Pufferfish in a Bottle\\\"}\"},SkullOwner:{Id:[I;179050314,-1693233975,-1733827507,-258087747],Properties:{textures:[{Value:\"eyJ0ZXh0dXJlcyI6eyJTS0lOIjp7InVybCI6Imh0dHA6Ly90ZXh0dXJlcy5taW5lY3JhZnQubmV0L3RleHR1cmUvNWEzMTZkNTg1Yjc4OWI1ODJmMmQ5OWU4ZTZjYjJkNzA0MzNlODk5NmZhYjAyNGE3NGJjNzkwZTIyYWVkY2RlYiJ9fX0=\"}]}}}"
						}
					]
				},
				{
					"type": "item",
					"name": "minecraft:emerald",
					"weight": 1
				},
				{
					"type": "item",
					"name": "minecraft:nautilus_shell",
					"weight": 10,
					"functions": [
						{
							"function": "minecraft:set_count",
							"count": {
								"min": 2,
								"max": 4
							}
						}
					]
				}
			]
		},
		{
			"rolls": 1,
			"entries": [
				{
					"type": "item",
					"name": "minecraft:golden_apple",
					"weight": 1
				},
				{
					"type": "item",
					"name": "minecraft:book",
					"weight": 5,
					"functions": [
						{
							"function": "enchant_randomly"
						}
					]
				},
				{
					"type": "item",
					"name": "minecraft:white_banner",
					"weight": 5,
					"functions": [
						{
							"function": "set_nbt",
							"tag": "{display:{Name:\"{\\\"text\\\":\\\"Herobrine\\\"}\", Lore:[\"By Mediv\"]}, BlockEntityTag:{Patterns:[{Pattern:ls,Color:15},{Pattern:rs,Color:15},{Pattern:ms,Color:15},{Pattern:ts,Color:15},{Pattern:hhb,Color:15},{Pattern:mc,Color:15}]}}"
						}
					]
				},
				{
					"type": "item",
					"name": "minecraft:red_banner",
					"weight": 5,
					"functions": [
						{
							"function": "set_nbt",
							"tag": "{display:{Name:\"{\\\"text\\\":\\\"Squid\\\"}\", Lore:[\"By FrijielFan22\"]}, BlockEntityTag:{Patterns:[{Pattern:bt,Color:11},{Pattern:ss,Color:14},{Pattern:ms,Color:0},{Pattern:cbo,Color:11},{Pattern:mc,Color:14},{Pattern:bo,Color:11}]}}"
						}
					]
				},
				{
					"type": "item",
					"name": "minecraft:fishing_rod",
					"weight": 5,
					"functions": [
						{
							"function": "enchant_randomly"
						}
					]
				},
				{
					"type": "item",
					"name": "minecraft:map",
					"weight": 10,
					"functions": [
						{
							"function": "minecraft:exploration_map",
							"destination": "buried_treasure",
							"decoration": "red_x",
							"zoom": 1,
							"skip_existing_chunks": false
						}
					]
				}
			]
		}
	]
}