{
	"pools": [
		{
			"rolls": {
				"min": 2,
				"max": 8
			},
			"entries": [
				{
					"type": "item",
					"name": "minecraft:experience_bottle",
					"functions": [
						{
							"function": "set_count",
							"count": {
								"min": 4,
								"max": 12
							}
						}
					],
					"weight": 10
				},
				{
					"type": "item",
					"name": "minecraft:player_head",
					"functions": [
						{
							"function": "set_nbt",
							"tag": "{display:{Name:\"{\\\"text\\\":\\\"Nautilus Shell\\\"}\"},SkullOwner:{Id:[I;1006549856,1593593249,-1321455687,1756446873],Properties:{textures:[{Value:\"eyJ0ZXh0dXJlcyI6eyJTS0lOIjp7InVybCI6Imh0dHA6Ly90ZXh0dXJlcy5taW5lY3JhZnQubmV0L3RleHR1cmUvODEyNmNhYzE2ZmQ4ZTQ3NTE2ZTg0NTIwY2QzOTgxYzQ1ZDcwOGY1NWQzNDU4NDk0ZDhmMDgxYzUwNWQ2ZDMwNCJ9fX0=\"}]}}}"
						}
					],
					"weight": 5
				},
				{
					"type": "item",
					"name": "minecraft:player_head",
					"functions": [
						{
							"function": "set_nbt",
							"tag": "{display:{Name:\"{\\\"text\\\":\\\"Sea Pickles\\\"}\"},SkullOwner:{Id:[I;-1267644839,852970160,-2053327761,-464916580],Properties:{textures:[{Value:\"eyJ0ZXh0dXJlcyI6eyJTS0lOIjp7InVybCI6Imh0dHA6Ly90ZXh0dXJlcy5taW5lY3JhZnQubmV0L3RleHR1cmUvOWFlZjVlNGViOTU4OWI1ZjQ4NmRhMDU0ZWMzNjY0NjEzYTQ5MTBlM2UyZjBmNjNlY2U1OTg1MTIwYjQxMzUzMCJ9fX0=\"}]}}}"
						}
					],
					"weight": 5
				},
				{
					"type": "item",
					"name": "minecraft:player_head",
					"functions": [
						{
							"function": "set_nbt",
							"tag": "{display:{Name:\"{\\\"text\\\":\\\"Water Bottle\\\"}\"},SkullOwner:{Id:[I;-1600331438,2132560605,-1655644848,-925639406],Properties:{textures:[{Value:\"eyJ0ZXh0dXJlcyI6eyJTS0lOIjp7InVybCI6Imh0dHA6Ly90ZXh0dXJlcy5taW5lY3JhZnQubmV0L3RleHR1cmUvYmY5ZTMwZTNhMGQzYzg3YjNmMTRkNjFhYWY5OWY5YzE4MWNmOGVmNDQwOTdjMzE2MTI2NmY3OTI0NzJhNjU5OSJ9fX0=\"}]}}}"
						}
					],
					"weight": 5
				},
				{
					"type": "item",
					"name": "minecraft:rotten_flesh",
					"weight": 5
				},
				{
					"type": "item",
					"name": "minecraft:emerald",
					"weight": 1
				},
				{
					"type": "item",
					"name": "minecraft:nautilus_shell",
					"weight": 10,
					"functions": [
						{
							"function": "minecraft:set_count",
							"count": {
								"min": 2,
								"max": 4
							}
						}
					]
				}
			]
		},
		{
			"rolls": 1,
			"entries": [
				{
					"type": "item",
					"name": "minecraft:compass",
					"weight": 1
				},
				{
					"type": "item",
					"name": "minecraft:potion",
					"weight": 1,
					"functions": [
						{
							"function": "minecraft:set_count",
							"count": {
								"min": 2,
								"max": 3
							}
						},
						{
							"function": "set_nbt",
							"tag": "{Potion:\"water\"}"
						}
					]
				},
				{
					"type": "item",
					"name": "minecraft:fishing_rod",
					"weight": 5,
					"functions": [
						{
							"function": "enchant_randomly"
						}
					]
				},
				{
					"type": "item",
					"name": "minecraft:map",
					"weight": 5,
					"functions": [
						{
							"function": "minecraft:exploration_map",
							"destination": "buried_treasure",
							"decoration": "red_x",
							"zoom": 1,
							"skip_existing_chunks": false
						}
					]
				}
			]
		}
	]
}